Fecha;IPC
35066;2929.43
35067;3004.78
35068;3002.63
35069;3011.05
35072;3002.1
35073;2957.46
35074;2974.25
35075;2997.27
35076;2934.13
35079;2908.24
35080;2921.25
35081;2918.96
35082;2983.31
35083;3058.42
35086;3087.48
35087;3073.97
35088;3054.63
35089;3053.18
35090;3079.08
35093;3087.99
35094;3065.11
35095;3034.65
35096;3078.21
35097;3101.92
35101;3048.09
35102;3010.83
35103;3037.54
35104;2985.11
35107;2950.57
35108;2920.72
35109;2971.25
35110;2946.37
35111;2971.31
35114;2975.44
35115;2904.41
35116;2907.83
35117;2980.97
35118;2981.38
35121;2955.39
35122;2938.96
35123;2862.59
35124;2832.54
35125;2892.4
35128;2879.73
35129;2856.67
35130;2820.39
35131;2826.47
35132;2736.36
35135;2777.95
35136;2819.91
35137;2864.93
35138;2853.52
35139;2844.1
35142;2874.32
35143;3003.84
35144;3004.37
35146;3046.75
35149;3068
35150;3094.61
35151;3061.78
35152;3080.44
35153;3072.4
35156;3113.27
35157;3077.47
35158;3086.44
35163;3020.95
35164;3009.49
35165;3044.61
35166;3044.01
35167;3174.85
35170;3204.69
35171;3200.93
35172;3234.62
35173;3273.52
35174;3284.48
35177;3251.23
35178;3217.86
35179;3252.87
35180;3239.01
35181;3216.96
35184;3200.09
35185;3187.19
35187;3162.51
35188;3146
35191;3152.68
35192;3168.16
35193;3194.42
35194;3181.97
35195;3216.14
35198;3250.78
35199;3250.33
35200;3232.14
35201;3226.21
35202;3259.37
35205;3316.21
35206;3342.71
35207;3352.88
35208;3316.04
35209;3313.19
35212;3327.24
35213;3315.35
35214;3279.48
35215;3260.86
35216;3205.51
35219;3191.78
35220;3228.34
35221;3257.24
35222;3271.94
35223;3262.03
35226;3242.33
35227;3227.32
35228;3216.3
35229;3183.75
35230;3174.88
35233;3190.66
35234;3202.15
35235;3210.83
35236;3180.99
35237;3136.05
35240;3132.22
35241;3159.98
35242;3177.91
35243;3183.59
35244;3210.83
35247;3177.65
35248;3198.91
35249;3181.8
35250;3174.88
35251;3105.92
35254;3034.85
35255;3085.68
35256;3087.48
35257;3056.29
35258;3009.98
35261;2916.55
35262;2944.39
35263;2990.27
35264;3064.19
35265;3060.08
35268;3014.89
35269;3003.09
35270;2943.03
35271;2937.98
35272;2990.93
35275;2969.91
35276;2986.89
35277;3007.24
35278;3118.35
35279;3188.23
35282;3177.88
35283;3206.78
35284;3189
35285;3185.4
35286;3219.02
35289;3255.99
35290;3235.68
35291;3265.21
35292;3311.72
35293;3361.39
35296;3324.67
35297;3401.79
35298;3412.37
35299;3389.33
35300;3364.37
35303;3357.17
35304;3433.75
35305;3410.84
35306;3334.9
35307;3305.47
35310;3309.58
35311;3266.99
35312;3329.99
35313;3306.72
35314;3340.93
35317;3341.19
35318;3309.27
35319;3302.98
35320;3318.95
35321;3311.61
35325;3353.79
35326;3369
35327;3348.36
35328;3318.23
35331;3300.44
35332;3293.59
35333;3274.5
35334;3239.53
35335;3236.79
35338;3236.32
35339;3286.48
35340;3358.32
35341;3373.35
35342;3376.05
35345;3345.45
35346;3340.11
35347;3372.8
35348;3365.35
35349;3335.15
35352;3287.38
35353;3251.17
35354;3263.01
35355;3288.47
35356;3319.64
35359;3286.04
35360;3247.84
35361;3264.54
35362;3279.21
35363;3233.28
35366;3216.47
35367;3199.08
35368;3162.49
35369;3213.33
35370;3255.82
35373;3247.71
35374;3285.95
35375;3290.38
35376;3293.23
35377;3347.66
35380;3369.72
35381;3374.42
35382;3400.96
35383;3392.22
35384;3385.13
35387;3366.22
35388;3358.16
35390;3320.04
35391;3288.29
35394;3246.65
35395;3271.45
35396;3268.84
35397;3273.09
35398;3291.69
35401;3311.07
35402;3396.44
35403;3390.48
35404;3376.61
35405;3332.89
35408;3335.12
35409;3307.06
35410;3241.75
35412;3205.21
35415;3175.09
35416;3253.97
35417;3273.16
35418;3330.14
35419;3311.36
35422;3299.17
35423;3298.47
35425;3310.89
35426;3327.2
35429;3346.95
35430;3361.03
35432;3359.46
35433;3396.95
35436;3492.17
35437;3516.13
35438;3557.97
35439;3578.34
35440;3596.09
35443;3561.55
35444;3631.36
35445;3728.02
35446;3701.83
35447;3733.16
35450;3739.59
35451;3717.34
35452;3707.98
35453;3695.18
35454;3680.56
35457;3685.17
35458;3676.76
35459;3631.62
35460;3672.92
35461;3647.17
35464;3636.5
35465;3652.99
35467;3654.66
35468;3654.34
35471;3679.13
35472;3750.03
35473;3802.63
35474;3778.46
35475;3826.77
35478;3850.44
35479;3842.7
35480;3875.04
35481;3839.73
35482;3880.04
35485;3889.77
35486;3938.69
35487;3890.15
35488;3851.92
35489;3840.98
35492;3795.92
35493;3755.69
35494;3762.49
35495;3806.96
35496;3809.75
35499;3844.8
35500;3804.12
35501;3758.09
35502;3745.39
35503;3775.71
35506;3760.55
35507;3797.05
35508;3867.2
35509;3809.9
35513;3827.99
35514;3837.46
35515;3842.94
35520;3747.98
35521;3714.26
35522;3716.18
35523;3741.3
35524;3752.47
35527;3792.83
35528;3784.31
35529;3797.3
35530;3821.75
35531;3764.46
35534;3798.65
35535;3805.1
35536;3834.58
35537;3798.37
35538;3788.43
35541;3758.54
35542;3815.53
35543;3827.01
35544;3773.71
35545;3782.62
35548;3756.19
35549;3757.26
35550;3756.61
35552;3764.88
35556;3798.23
35557;3774.02
35558;3821.92
35559;3873.38
35562;3930.09
35563;3930.74
35564;3894.2
35565;3887.2
35566;3890.36
35569;3921.38
35570;3952.62
35571;3974.42
35572;3999.52
35573;3988.29
35576;3985.02
35577;3960.86
35578;3906.25
35579;3936.11
35580;3968.81
35583;4002.82
35584;4060.06
35585;4121.56
35586;4119.53
35587;4160.85
35590;4126.3
35591;4142.92
35592;4194.44
35593;4240.02
35594;4244.63
35597;4259.84
35598;4276.83
35599;4281.52
35600;4353.67
35601;4439.14
35604;4436.75
35605;4403.45
35606;4397.82
35607;4464.98
35608;4481.11
35611;4457.97
35612;4508.79
35613;4559.23
35614;4591.62
35615;4644.6
35618;4741.24
35619;4821.14
35620;4836.49
35621;4862.39
35622;4821.62
35625;4777.07
35626;4694.35
35627;4787.43
35628;4816.37
35629;4720.56
35632;4590.22
35633;4652.19
35634;4742.12
35635;4762.65
35636;4722.42
35639;4712.18
35640;4797.49
35641;4974.23
35642;5067.83
35643;5067.03
35646;5135.24
35647;5183.02
35648;5212.89
35649;5195.29
35650;5075.05
35653;5043.65
35654;5002.88
35655;5016.63
35656;5014.61
35657;4956.61
35660;4952.88
35661;5041.48
35662;5124.16
35663;5070.47
35664;5023.48
35667;4996.18
35668;4916.51
35669;4912.88
35670;4789.38
35671;4648.41
35675;4780.21
35676;4888.81
35677;4891.46
35678;4927.43
35681;4933.41
35682;4937.96
35683;4822.11
35684;4720.6
35685;4848.49
35688;4833.12
35690;5009.61
35691;5074.88
35692;5118.13
35695;5278.73
35696;5258.52
35697;5210.62
35698;5228.73
35699;5249.95
35702;5269.68
35703;5321.5
35704;5354.4
35705;5325.53
35706;5314.18
35709;5315.96
35710;5360.67
35711;5300.82
35712;5257.28
35713;5267.27
35716;5252.1
35717;5323.98
35718;5345.18
35719;5341.76
35720;5275.59
35723;5312.57
35724;5369.48
35725;5299.19
35726;5058.73
35727;4920.06
35730;4263.89
35731;4762.33
35732;4794.95
35733;4629.5
35734;4647.84
35737;4849.68
35738;4853.53
35739;4823.68
35740;4780.21
35741;4664.49
35744;4545.52
35745;4527.13
35746;4334.79
35747;4448.78
35748;4532.67
35751;4588.11
35752;4595.85
35753;4679.15
35755;4832.22
35758;4720.92
35759;4787.07
35760;4897.04
35761;4957.08
35762;4974.57
35765;5118.16
35766;5126.67
35767;5127.91
35768;5131.14
35769;5110.16
35772;5110.38
35773;5111.87
35774;5045.43
35775;4953.04
35779;5008.14
35780;5087.31
35781;5112.04
35782;5040.91
35783;4946.53
35786;4931.57
35787;4925.89
35788;4952.89
35790;5034.01
35793;5120.61
35794;5206.44
35795;5229.35
35797;5204
35800;5199.63
35801;5033.4
35802;4942.91
35803;4837.18
35804;4547.74
35807;4686.89
35808;4673.55
35809;4650.14
35810;4589.06
35811;4671.24
35814;4773.44
35815;4691.74
35816;4617.73
35817;4549.92
35818;4542.87
35821;4526.56
35822;4583.49
35823;4546.33
35824;4477.6
35825;4569.36
35828;4673.09
35829;4765.44
35830;4787.35
35832;4751.53
35835;4697.53
35836;4721.97
35837;4729.25
35838;4682.6
35839;4615.8
35842;4593.96
35843;4513.89
35844;4550.24
35845;4606.56
35846;4597.71
35849;4561.01
35850;4598.98
35851;4740.22
35852;4775.01
35853;4784.45
35856;4850.74
35857;4841.26
35858;4804.13
35859;4757
35860;4855.75
35863;4812.24
35864;4710.34
35865;4742.34
35866;4758.37
35867;4785.41
35870;4723.84
35871;4784.29
35872;4844.41
35873;4852.33
35874;4917.06
35877;5042.08
35878;5004.65
35879;4997.14
35880;4986.23
35881;5043.09
35884;5038.46
35885;5016.22
35886;4999.11
35887;4984.13
35888;4927.91
35891;4924.45
35892;4866.7
35893;4921.15
35898;4919.06
35899;4961.26
35900;4991.04
35901;5001.55
35902;5083.69
35905;5166.37
35906;5185.52
35907;5164.7
35908;5151.55
35909;5086.23
35912;4909.77
35913;5035.18
35914;5028.65
35915;5098.53
35919;5041.38
35921;4927.93
35922;4927.01
35923;4937.65
35926;4843.54
35927;4812.14
35928;4756.6
35929;4739.18
35930;4786.18
35933;4646.51
35934;4624.45
35935;4607.34
35936;4660.44
35937;4648.43
35940;4612.29
35941;4453.58
35942;4480.36
35943;4468.22
35944;4530.01
35947;4413.52
35948;4480.01
35949;4455.24
35950;4592.01
35951;4601.26
35954;4598.09
35955;4559.45
35956;4396.8
35957;4289.31
35958;4215.68
35961;4048.99
35962;4125.97
35963;4340.98
35964;4268.73
35965;4353.74
35968;4320.36
35969;4387.86
35970;4378.26
35971;4233.92
35972;4157.81
35975;4184.56
35976;4282.62
35977;4422.09
35978;4431.8
35979;4483.75
35982;4411.88
35983;4510.61
35984;4573.28
35985;4532.59
35986;4566.88
35989;4625.38
35990;4665.79
35991;4593.78
35992;4655.42
35993;4674.53
35996;4602.69
35997;4552.74
35998;4564.75
35999;4484.5
36000;4495.1
36003;4473.04
36004;4343.98
36005;4340.34
36006;4351.37
36007;4244.96
36010;4174.34
36011;4071.95
36012;4055.32
36013;3981.73
36014;3844.93
36017;3731.49
36018;3628.45
36019;3561.5
36020;3580.55
36021;3583.72
36024;3533.14
36025;3648.84
36026;3604.36
36027;3498.81
36028;3413.15
36031;3413.01
36032;3368.79
36033;3254.44
36034;3055.71
36035;3154.14
36038;2991.93
36040;3178.56
36041;3102.39
36042;3045.17
36045;3194.54
36046;3237.24
36047;3167.26
36048;2856.1
36049;2917.78
36052;3023.9
36053;3414.68
36055;3395.48
36056;3475.9
36059;3494.4
36060;3577.36
36061;3902.19
36062;3690.48
36063;3703.69
36066;3717.18
36067;3679.91
36068;3569.88
36069;3390.23
36070;3528.65
36073;3427.98
36074;3434.82
36075;3375.44
36076;3387.46
36077;3444.06
36080;3560.61
36081;3577.24
36082;3595.42
36083;3831.02
36084;3831.33
36087;3812.96
36088;3820.49
36089;3850.45
36090;4025.99
36091;3993.23
36094;3994.51
36095;3917.46
36096;3843.68
36097;3907.73
36098;4074.86
36102;4127.85
36103;4267.73
36104;4260.98
36105;4286.94
36108;4201.24
36109;4142.77
36110;4117.69
36111;4028.7
36112;4007.62
36115;3971.5
36116;3954.2
36117;4059.24
36118;3995.62
36122;4131.45
36123;4032.18
36124;4007.92
36125;4025.66
36126;3992.3
36129;3769.88
36130;3749.38
36131;3815.39
36132;3700.19
36133;3759.83
36136;3806.96
36137;3779.53
36138;3805.52
36139;3798.87
36140;3881.44
36143;3828.32
36144;3753.04
36145;3741.25
36146;3790.85
36147;3841.24
36150;3909.57
36151;3899.11
36152;3930.29
36153;4001.35
36157;3942.67
36158;3916.8
36159;3960.78
36160;3959.66
36164;3835.73
36165;3759.87
36166;3745.15
36167;3665.25
36168;3638.55
36171;3592.2
36172;3459.64
36173;3300.42
36174;3356.59
36175;3617.77
36178;3637.77
36179;3603.43
36180;3775.41
36181;3734.2
36182;3697.03
36185;3707.8
36186;3765.97
36187;3815.35
36188;3992.91
36189;3957.93
36192;4030.24
36193;4014.58
36194;4060.56
36195;4013.55
36199;4016.8
36200;3946.94
36201;3941.49
36202;4107.74
36203;4101.18
36206;4103.6
36207;4159.04
36208;4076.34
36209;4112.65
36210;4200.12
36213;4243.18
36214;4231.67
36215;4269.12
36216;4292.86
36217;4260.8
36220;4217.74
36221;4186.65
36222;4127.38
36223;4218.02
36224;4327.8
36227;4460.85
36228;4568.1
36229;4728.27
36230;4679.8
36231;4697.73
36234;4769.9
36235;4890.39
36236;4855.17
36237;4864.8
36238;4784.33
36241;4715.3
36242;4632.07
36243;4819.49
36244;4829.2
36245;4736.58
36248;4845.43
36249;4882
36250;4930.37
36255;5101.94
36256;5146.79
36257;5123.13
36258;5175.39
36259;5204.88
36262;5303.28
36263;5296.31
36264;5297.35
36265;5490.62
36266;5556.44
36269;5464.17
36270;5337.64
36271;5284.47
36272;5475.67
36273;5481.78
36276;5405.15
36277;5382.39
36278;5458.16
36279;5517.31
36280;5414.45
36283;5579.14
36284;5560.63
36286;5802.47
36287;5964.37
36290;6080.47
36291;5981.09
36292;5877.28
36293;6022.86
36294;5913.2
36297;5851.5
36298;5856.15
36299;5731.2
36300;5799.49
36301;5639.5
36304;5498.79
36305;5441.06
36306;5618.35
36307;5498.85
36308;5423.57
36311;5477.65
36312;5436.42
36313;5400.2
36314;5363.62
36315;5371.26
36318;5421.94
36319;5428.88
36320;5398.42
36321;5366.59
36322;5234.65
36325;5117.85
36326;5299.93
36327;5628.53
36328;5660.66
36329;5716.65
36332;5823.71
36333;5773.53
36334;5637.35
36335;5549.18
36336;5515.24
36339;5574.54
36340;5645.07
36341;5829.51
36342;5854.6
36343;5887.61
36346;5955.53
36347;5918.72
36348;5931.24
36349;5890.48
36350;5888.87
36353;5769.37
36354;5844.6
36355;5834.89
36356;5875.97
36357;5886.41
36360;5912.29
36361;5814.97
36362;5857.63
36363;5784.69
36364;5613.19
36367;5427.61
36368;5406.65
36369;5483.75
36370;5267.68
36371;5260.35
36374;5106.77
36375;5178.09
36376;5142.91
36377;5150.79
36378;5029.66
36381;5071.7
36382;5058.31
36383;5180.88
36384;5217.52
36385;5369.02
36388;5300.46
36389;5279.89
36390;5167.72
36391;5148.42
36392;5099.26
36395;5215.15
36396;5244.11
36397;5379.85
36398;5349.94
36399;5252.33
36402;5174.8
36403;5086.87
36405;5019.35
36406;5026.57
36409;5051
36410;4910.06
36411;4854.28
36412;4828.92
36413;4979.93
36416;5016.12
36417;4969.85
36418;4970.24
36420;4951.68
36423;4998.83
36424;4919.79
36425;4991.76
36426;4973.93
36427;4980.88
36430;5055.76
36431;5091.69
36432;5079.75
36433;5050.46
36434;4985.21
36437;5044.61
36438;4989.66
36439;5116.25
36440;5183.68
36441;5282.96
36444;5331.02
36445;5202.82
36446;5076.14
36447;5030.61
36448;4825.05
36451;4907.47
36452;5050.48
36453;5122.39
36454;5105.27
36455;5156.06
36458;5131.58
36459;5134.96
36460;5142.22
36461;5328.52
36462;5450.37
36465;5479.79
36467;5793.85
36468;5817.04
36469;5919.97
36472;5943.96
36473;5867.38
36474;5963.84
36475;6086.3
36476;6034.76
36479;6115.1
36480;6101.86
36481;6103.62
36482;6195.03
36483;6286.68
36486;6092.26
36487;6110.75
36488;6182.04
36489;6326.49
36490;6337.45
36493;6303.1
36494;6136.47
36495;6201.14
36496;6370.5
36497;6470.41
36500;6425.7
36501;6397.84
36502;6665.03
36503;6718.33
36504;6781.39
36507;6725.55
36508;6654.22
36509;6772.15
36510;6859.03
36511;6959.35
36514;6943.1
36515;6976.75
36516;6835.28
36517;6933.78
36518;6925.76
36521;6986.38
36522;7007.75
36523;7121.79
36524;7129.88
36528;7077.71
36529;6675.27
36530;6764.31
36531;6751.65
36532;7047.09
36535;7333.7
36536;7143.13
36537;7174.1
36538;7274.52
36539;7381.49
36542;7447.12
36543;7303.32
36544;7171.2
36545;7036.79
36546;6890.78
36549;6855.35
36550;6885.88
36551;6918.94
36552;6854.39
36553;6648.48
36556;6585.67
36557;6740.52
36558;6769.81
36559;7043.1
36560;7236.54
36563;7592.57
36564;7583.51
36565;7469.16
36566;7723.86
36567;7623.47
36570;7558.23
36571;7574.64
36572;7600.72
36573;7538.19
36574;7345.57
36577;7314.97
36578;7234.76
36579;7462.12
36580;7410.82
36581;7304.35
36584;7336.65
36585;7368.55
36586;7614.83
36587;8007.76
36588;8131.27
36591;7964.87
36592;8005.95
36593;8295.2
36594;8319.67
36595;8177.42
36598;8003.72
36599;7835.63
36600;7987.85
36601;7982.42
36602;7985.34
36605;7906.39
36607;7782.61
36608;7943.51
36609;8093.58
36612;8139.5
36613;7952.2
36614;7885.23
36615;7604.49
36616;7473.25
36619;7378.82
36620;7194.83
36621;7272.84
36622;7462.93
36623;7540.09
36626;7375.54
36627;7234.71
36628;7016.69
36629;6860.26
36630;6315.91
36633;6308.26
36634;6684
36635;6446.58
36640;6444.13
36641;6756.95
36642;6751.07
36643;6844.78
36644;6640.68
36648;6612.5
36649;6415.51
36650;6504.42
36654;6324.42
36655;6196.09
36656;6083.98
36657;6104.83
36658;6255.35
36661;6343.29
36662;6366.69
36663;6189.09
36664;6113.05
36665;5863.68
36668;5656.45
36669;5593.58
36670;5800.03
36671;5664.25
36672;5652.29
36675;5728
36676;5998.48
36677;5961.14
36678;6178.06
36679;6627.34
36682;6554.89
36683;6250.69
36684;6238.41
36685;6364.91
36686;6398.73
36689;6405
36690;6539.2
36691;6667.2
36692;6563.61
36693;6452.9
36696;6551.25
36697;6521.22
36698;6687
36699;6570.67
36700;6425.57
36703;6599.34
36704;6747.32
36705;6676.64
36706;6834.08
36707;6948.33
36710;7373.37
36711;7520.04
36712;7372.59
36713;7306.14
36714;7370.38
36717;7398.7
36718;7266
36719;7416.34
36720;7428.13
36721;7435.99
36724;7291.74
36725;7216.58
36726;6863.27
36727;6765.28
36728;6718.73
36731;6658.17
36732;6715.6
36733;6748.48
36734;6607.49
36735;6344.03
36738;6514.21
36739;6507.77
36740;6543.93
36741;6509.17
36742;6582.67
36745;6635
36746;6669.85
36747;6519
36748;6474.81
36749;6501.3
36752;6506.32
36753;6501.67
36754;6477.98
36755;6536.87
36756;6386.66
36759;6345.13
36760;6341.3
36761;6367
36762;6293.55
36763;6181.15
36766;6226.37
36767;6331.28
36768;6572.91
36769;6664.82
36770;6722.41
36773;6775.97
36774;6824.97
36775;6789.73
36776;6953.31
36777;6903.48
36780;6801.4
36781;6702.26
36782;6833.04
36783;6878.89
36784;6835.43
36787;6599.01
36788;6634.53
36789;6752.47
36790;6558.9
36791;6549.62
36794;6533.58
36795;6459.15
36796;6368.54
36797;6475.46
36798;6334.56
36801;6244.65
36802;6230.89
36803;6345.53
36804;6368.67
36805;6166.88
36808;6141.53
36809;6095.49
36810;5946.93
36811;5751.66
36812;5853.95
36815;5789.03
36816;5709.67
36817;5769.02
36818;5991.25
36819;5943.33
36822;5908.29
36823;6081.66
36824;6003.68
36825;6123.51
36826;6206.37
36829;6282.58
36830;6394.24
36831;6409.04
36833;6319.58
36836;6359.91
36837;6478.64
36838;6376.75
36839;6216.46
36840;6107.75
36843;5914.84
36844;6075.2
36845;6153.33
36846;6146.1
36847;6303.47
36851;6135.45
36852;5923.92
36853;5998.14
36854;6062.74
36857;6032.27
36858;5934.93
36859;5907.24
36860;5652.63
36864;5532.64
36865;5793.77
36866;5787.35
36867;5785.36
36868;5795.09
36871;5828.12
36873;5699.76
36874;5645.59
36875;5531.39
36878;5547.17
36879;5506.55
36880;5231.85
36881;5342.31
36882;5492.31
36886;5499.4
36887;5568.27
36888;5591.99
36889;5652.19
36893;5556.71
36894;5857.45
36895;6048.34
36896;5924.33
36899;5916.06
36900;5909.53
36901;5814.98
36902;5966.8
36903;5966.6
36906;5998.02
36907;6002.65
36908;6078.25
36909;6194.3
36910;6267.49
36913;6271.07
36914;6377.94
36915;6311.85
36916;6281
36917;6418.64
36920;6419.78
36921;6518.58
36922;6496.89
36923;6540.88
36924;6522.23
36928;6447.1
36929;6350.35
36930;6330.97
36931;6344.16
36934;6430.73
36935;6361.32
36936;6360.09
36937;6395.19
36938;6368.49
36941;6369.51
36942;6246.36
36943;6007.67
36944;6030.76
36945;5998.69
36948;6058.02
36949;6065.15
36950;6032.1
36951;6080.65
36952;6133.34
36955;6110.14
36956;6252.95
36957;6331.32
36958;6361.07
36959;6270.96
36962;5963.37
36963;5991.95
36964;5813.84
36965;5792.71
36966;5878.57
36969;5935.22
36970;5769.67
36972;5636.48
36973;5618.67
36976;5647.18
36977;5787.48
36978;5700.37
36979;5648.62
36980;5727.89
36983;5694.07
36984;5575.05
36985;5573.72
36986;5699.34
36987;5695.26
36990;5756.36
36991;5968.66
36992;5999.38
36997;5951.7
36998;6068.9
36999;6143.86
37000;6029.06
37001;5950.79
37004;5885.6
37005;5887.04
37006;5933.71
37007;6007.1
37008;6008.03
37011;5987.25
37013;6109.2
37014;6139.62
37015;6129.51
37018;6065.58
37019;6010.52
37020;6106.42
37021;6092.07
37022;6110.36
37025;6042.03
37026;5987
37027;6033.97
37028;6392.77
37029;6527.6
37032;6571.08
37033;6651.27
37034;6782.51
37035;6714.47
37036;6711.34
37039;6700.33
37040;6665.54
37041;6586.93
37042;6595.39
37043;6619.66
37046;6631.75
37047;6672.35
37048;6790.98
37049;6840.63
37050;6783.72
37053;6731.29
37054;6796.82
37055;6802.37
37056;6749.8
37057;6670.72
37060;6489.56
37061;6359.06
37062;6455.15
37063;6543.39
37064;6539.65
37067;6562.66
37068;6582.17
37069;6587.68
37070;6607.2
37071;6666.17
37074;6797.11
37075;6840.74
37076;6868.89
37077;6814.62
37078;6715.81
37081;6709.13
37082;6713.04
37083;6564.14
37084;6470.88
37085;6452.12
37088;6377.31
37089;6395.43
37090;6388.26
37091;6418.84
37092;6389.27
37095;6422.71
37096;6377.81
37097;6411.53
37098;6502.69
37099;6522.2
37102;6538.28
37103;6474.4
37104;6573.1
37105;6707.91
37106;6702.93
37109;6633.94
37110;6638.84
37111;6651.44
37112;6599.61
37113;6628.49
37116;6655.11
37117;6671.24
37118;6542.15
37119;6445.15
37120;6218.46
37123;6245.42
37124;6276.09
37125;6333.14
37126;6294.29
37127;6416.77
37130;6399.93
37131;6302.69
37132;6324.91
37133;6310.17
37134;6310.7
37137;6233.29
37138;6172.25
37139;6088.45
37140;5875.86
37141;5844.6
37144;5856.19
37145;5531.02
37151;5316.77
37152;5297.86
37153;5256
37154;5081.92
37155;5087.94
37158;5325.11
37159;5304.38
37160;5324.84
37161;5306.08
37162;5403.53
37165;5385.5
37166;5361.8
37167;5407.54
37168;5499.31
37169;5528.55
37172;5527.11
37173;5558.86
37174;5684.9
37175;5808.22
37176;5671.1
37179;5500.1
37180;5542.61
37181;5541.88
37182;5529.75
37183;5588.23
37186;5539.28
37187;5571.27
37188;5708.28
37189;5729.13
37190;5693.12
37193;5599.13
37194;5529.18
37195;5537.04
37196;5610.77
37197;5632.76
37200;5681.07
37201;5677.79
37202;5638.04
37203;5649.87
37204;5596.38
37207;5524.57
37208;5663.35
37209;5751.72
37210;5778.65
37211;5712.46
37214;5699.19
37216;5674.41
37217;5685.39
37218;5734.9
37221;5759.49
37222;5860.44
37223;5848.21
37224;5841.34
37225;5832.83
37228;5870.93
37229;5931.43
37230;6099.28
37231;6101.72
37232;6141.19
37235;6126.38
37236;6150.26
37238;6075.06
37239;6139.07
37242;6271.49
37243;6268.97
37244;6250.74
37245;6263.29
37246;6380.6
37249;6374.49
37251;6371.84
37252;6419.19
37253;6467.09
37256;6372.28
37258;6410.05
37259;6603.75
37260;6612.08
37263;6565.44
37264;6641.14
37265;6560.58
37266;6453.01
37267;6420.15
37270;6388.27
37271;6573.19
37272;6579.35
37273;6604.66
37274;6600.73
37277;6607.8
37278;6590.04
37279;6782.78
37280;6768.3
37281;6831.43
37284;6872.44
37285;6793.38
37286;6750.8
37287;6927.87
37288;6901.81
37291;6865.13
37293;6786.74
37294;6780.94
37295;6681.45
37298;6589.84
37299;6673.36
37300;6715.55
37301;6717.61
37302;6697.67
37305;6679.71
37306;6609.3
37307;6583.99
37308;6533.64
37309;6473.12
37312;6562.94
37313;6637.96
37314;6795.9
37315;6734.44
37316;6898
37319;7029.6
37320;7053.54
37321;7154.14
37322;7061
37323;7192.22
37326;7161.4
37327;7278.06
37328;7218.51
37329;7188.77
37330;7273.08
37333;7344.57
37334;7427.92
37335;7384.13
37337;7439.5
37340;7381.57
37341;7351.19
37342;7361.86
37347;7371.89
37348;7316.69
37349;7191.94
37350;7253.5
37351;7335.76
37354;7271.77
37355;7271.22
37356;7517.68
37357;7441.52
37358;7391.25
37361;7396.72
37362;7535.07
37363;7574.35
37364;7532.14
37365;7509.22
37368;7435.13
37369;7403.38
37370;7504.73
37371;7476.37
37372;7491.78
37375;7434.19
37376;7480.74
37378;7486.86
37379;7521.95
37382;7542.48
37383;7431.89
37384;7517.84
37385;7351.08
37386;7303.57
37389;7307.16
37390;7361.94
37391;7402.8
37392;7514.9
37393;7537.82
37396;7469.68
37397;7385.92
37398;7385.15
37399;7398.5
37400;7366.43
37403;7357.24
37404;7303.57
37405;7130.71
37406;7061.4
37407;7031.64
37410;6997.05
37411;7016.14
37412;6974.92
37413;6791.91
37414;6857.42
37417;6835
37418;6862.89
37419;6801.65
37420;6760.68
37421;6720.37
37424;6788.94
37425;6765.19
37426;6691.04
37427;6580.61
37428;6502.97
37431;6331.32
37432;6354.26
37433;6171.63
37434;6400.89
37435;6460.95
37438;6363.05
37439;6306.52
37440;6326.49
37441;6352.89
37442;6462.83
37445;6488.92
37446;6460.95
37447;6371.27
37448;6390.17
37449;6400.42
37452;6372.08
37453;6316.16
37454;6403.28
37455;6433.83
37456;6336.95
37459;6113.83
37460;5892.41
37461;6010.42
37462;5922.34
37463;5900.44
37466;6103.88
37467;6014.68
37468;6021.84
37469;5755.99
37470;5644.7
37473;5534.47
37474;5747.44
37475;5855.9
37476;6029.77
37477;5913.21
37480;5901.83
37481;5841.9
37482;6053.6
37483;6146.11
37484;6190.6
37487;6200.87
37488;6192.91
37489;6267.88
37490;6239.49
37491;6148.89
37494;6262.44
37495;6157.42
37496;6115.56
37497;6181.67
37498;6216.43
37501;6165.93
37502;6094.29
37503;6114.35
37504;6067.25
37505;6113.32
37508;6159.9
37509;6225.16
37510;6260.61
37511;6219.93
37512;6190.52
37516;6079.95
37517;5960.38
37518;5645
37519;5788.78
37522;5741.73
37523;5705.67
37524;5808.44
37525;5956.93
37526;5801.12
37529;5728.46
37530;5926.66
37531;5827.71
37532;5898.38
37533;5869.22
37536;5853.55
37537;5849.42
37538;5762.4
37539;5762.15
37540;5845.33
37543;5865.18
37544;6040.32
37545;5924.94
37546;5985.77
37547;5973.21
37550;6017.37
37551;5979.57
37552;6000.62
37553;5908.07
37554;5905.58
37557;5887.29
37558;5893.76
37559;5963.83
37560;5967.73
37561;6045.16
37564;6058.9
37565;6040.17
37566;6064
37567;6009.93
37568;5988.53
37571;5891.79
37572;5865.11
37573;5813.36
37574;5898.06
37575;5819.09
37578;5726
37579;5641.74
37581;5859.05
37582;5818.43
37585;5861.82
37586;5922.41
37587;6129.25
37588;6158.49
37589;6156.83
37592;6223.59
37593;6221.68
37594;6187.67
37595;6152.01
37596;6126.23
37599;6053.75
37600;6081.52
37601;6135.39
37603;6114.2
37606;6185.95
37607;6166.13
37608;6089.66
37609;6120.46
37610;6130.83
37613;6153.22
37614;6151.48
37616;6182.91
37617;6126.24
37620;6124.51
37621;6127.09
37623;6225.4
37624;6253.34
37627;6333.46
37628;6279.28
37629;6266.48
37630;6329.96
37631;6353.03
37634;6364.64
37635;6407
37636;6398.9
37637;6331.99
37638;6204.46
37641;6161.12
37642;6092.13
37643;6024.09
37644;6054.44
37645;6012.56
37648;5923.33
37649;5919.7
37650;5937.97
37651;5870.51
37652;5954.35
37655;6031.81
37656;5968.46
37658;5894.27
37659;5866.03
37662;5837.89
37663;5779.45
37664;5763.87
37665;5791.39
37666;5774.39
37669;5829.87
37670;5880.01
37671;5857.35
37672;5880.9
37673;5956.97
37676;5913.68
37677;5869.21
37678;5869.79
37679;5900.02
37680;5927.06
37683;5926.65
37684;5911.24
37685;5914.41
37686;5913.92
37687;5907.93
37690;5859.77
37691;5821.1
37692;5809.97
37693;5931.96
37694;5993.01
37697;6009.92
37698;6042.76
37699;6017.43
37700;6048.41
37704;5924.34
37705;5937.99
37706;5952.38
37707;5951.34
37708;5947.48
37711;5914.03
37712;5895.76
37713;6008.51
37714;6034.74
37715;6158.97
37718;6257.13
37719;6259.46
37720;6212.14
37721;6154.02
37722;6175.22
37725;6232.74
37726;6333.59
37727;6306.6
37732;6326.65
37733;6373.91
37734;6385.11
37735;6384.7
37736;6333
37739;6428.2
37740;6499.69
37741;6509.88
37743;6590.92
37746;6608.18
37747;6614.68
37748;6575.29
37749;6408.62
37750;6488.49
37753;6496.43
37754;6491.89
37755;6549.79
37756;6633.51
37757;6556.91
37760;6469.18
37761;6388.49
37762;6410.82
37763;6510.89
37764;6586.92
37767;6545.78
37768;6650.31
37769;6667.35
37770;6647.71
37771;6699.18
37774;6722.24
37775;6738.97
37776;6889.76
37777;6873.39
37778;6870.6
37781;6801.59
37782;6924.99
37783;6979.68
37784;7060.5
37785;6984.63
37788;7019.49
37789;7130.23
37790;7125.41
37791;7084.01
37792;7080.69
37795;7015.08
37796;7114.4
37797;7078.36
37798;7118.47
37799;7083.45
37802;7054.99
37803;7123.54
37804;7164.02
37805;7127.42
37806;7142.85
37809;7215.03
37810;7234.94
37811;7171.89
37812;7096.04
37813;7083.82
37816;7167.54
37817;7120.31
37818;7023.94
37819;6999.07
37820;7030.76
37823;7024.73
37824;7164.29
37825;7280.65
37826;7309.41
37827;7349.96
37830;7314.22
37831;7233.2
37832;7260.2
37833;7355.07
37834;7320.41
37837;7344.43
37838;7273.45
37839;7230.07
37840;7304.67
37841;7316.69
37844;7356.62
37845;7358.37
37846;7368.92
37847;7421.74
37848;7418.43
37851;7500.01
37852;7487.57
37853;7460.15
37854;7498.31
37855;7493.73
37858;7435.33
37859;7437.72
37860;7502.08
37861;7563.49
37862;7591.42
37865;7631.82
37866;7671.74
37867;7719.12
37868;7719.48
37869;7775.34
37872;7814.63
37873;7732.9
37874;7734.72
37875;7741.87
37876;7712.75
37879;7729.14
37881;7746.54
37882;7868.28
37883;7891.67
37886;7815.47
37887;7834.47
37888;7788.08
37889;7771.93
37890;7786.22
37893;7836.36
37894;7822.48
37895;7937.18
37896;7775.8
37897;7838.77
37900;7816.31
37901;7825.01
37902;7812.07
37903;7937
37904;7949.03
37907;7960.42
37908;7886.72
37909;7843.7
37910;7838.14
37911;7859.82
37914;7875.77
37915;7936.68
37916;7914.14
37917;7874.05
37918;7842.86
37921;7905.21
37922;7928.72
37923;7925.2
37924;8022.94
37925;8064.83
37928;8237.16
37929;8265.85
37930;8232.06
37931;8342.63
37932;8430.6
37935;8372.1
37936;8365.51
37937;8539.31
37938;8643.93
37939;8606.03
37942;8488.65
37943;8541.69
37944;8351.29
37946;8335.12
37949;8164.73
37950;8288.81
37951;8385.4
37952;8455.98
37953;8554.48
37956;8621.11
37957;8635.44
37958;8553.74
37959;8528.81
37960;8489.54
37963;8509.38
37964;8429.03
37965;8342.11
37966;8441.09
37970;8337.97
37971;8348.34
37972;8416.07
37973;8519.7
37974;8564.9
37977;8564.9
37978;8607.96
37979;8636.05
37981;8632.13
37984;8729.53
37985;8771.43
37986;8795.28
37988;8818.19
37991;9054.11
37992;9038.46
37993;9098.22
37994;9169.81
37995;9102.82
37998;9129.05
37999;9141.58
38000;9171.66
38001;9135.16
38002;9193.81
38005;9242.57
38006;9322.82
38007;9427.8
38008;9497.01
38009;9480.24
38012;9563.91
38013;9612.14
38014;9551.13
38015;9444.23
38016;9428.77
38019;9633.86
38020;9702.85
38021;9674.18
38023;9810.77
38026;9882.35
38027;9804.94
38028;9875.32
38029;9960.05
38030;9982.87
38033;10004.69
38034;10100.05
38035;10125.04
38036;10072.23
38037;9888.73
38040;9764.39
38041;9855.03
38042;9926.67
38043;10003.57
38044;9991.8
38047;10157.13
38048;10106.44
38049;10053.18
38050;10196.17
38051;10195.03
38054;10095.87
38055;10079.2
38056;9978.71
38057;9725.83
38058;9837.33
38061;9791.35
38062;9877.29
38063;9959.41
38064;9952.01
38065;10039.68
38068;9928.32
38069;10053.89
38070;10161.65
38071;10344.79
38072;10432
38075;10455.51
38076;10468.75
38077;10517.5
38078;10611.87
38079;10713.54
38082;10749.23
38083;10714.28
38084;10746.58
38089;10844.03
38090;10686.59
38091;10609.92
38092;10610.42
38093;10677.14
38096;10646.81
38097;10663.44
38098;10539.4
38099;10645.15
38100;10721.62
38103;10648.77
38104;10606.63
38105;10240.91
38106;9980.51
38107;9948.13
38110;10191.52
38111;10333.17
38112;10114.49
38113;9852.41
38114;9790.99
38117;9440.57
38118;9648.1
38119;9690.67
38120;9784.09
38121;9786.32
38124;9605.62
38125;9730.16
38126;9767.63
38127;9810.78
38128;9822.39
38131;9891.49
38132;9991.2
38133;10062.58
38134;10153.61
38135;10028.42
38138;10036.29
38139;10043.32
38140;9981.89
38141;9907.59
38142;10057.59
38145;10368.62
38146;10336.12
38147;10219.03
38148;10230.5
38149;10214.51
38152;10093.02
38153;10220.69
38154;10151.6
38155;10175.33
38156;10224.39
38159;10187.92
38160;10140.25
38161;10137.88
38162;10182.54
38163;10128.79
38166;10137.03
38167;10137.42
38168;10281.82
38169;10260.96
38170;10240.84
38173;10222.45
38174;10121.12
38175;10042.02
38176;9975.12
38177;10042.34
38180;10090.42
38181;10033.9
38182;9843.02
38183;9875.57
38184;9923.92
38187;9921.16
38188;10025.13
38189;9987.06
38190;9987.33
38191;9907.67
38194;9921.4
38195;10119.96
38196;10090.56
38197;10060.29
38198;10116.39
38201;10173.9
38202;10205.61
38203;10075.8
38204;10066.9
38205;9866.13
38208;9814.06
38209;9910.84
38210;9849.93
38211;9812.66
38212;9790.62
38215;9899.52
38216;9997.03
38217;10080.55
38218;10099.61
38219;10143.43
38222;10169.19
38223;10222.68
38224;10237.89
38225;10198.38
38226;10225.06
38229;10199.54
38230;10264.32
38231;10329.75
38232;10422.63
38233;10335.01
38236;10376.11
38237;10486.8
38238;10537.96
38239;10553.41
38240;10661.53
38243;10620.38
38244;10701.05
38245;10660.91
38247;10790.53
38250;10803.68
38251;10850.36
38252;10777.23
38253;10811.36
38254;10856.44
38257;10687.6
38258;10843.42
38259;10980.32
38260;10957.37
38261;11076.46
38264;11181.63
38265;11117.34
38266;11090.92
38267;11097.96
38268;10920.97
38271;10975.29
38272;11023.16
38273;10942.36
38274;10876
38275;10991.43
38278;11055.76
38279;11023.79
38280;11076.85
38281;11166.89
38282;11226.08
38285;11178.01
38286;11341.58
38287;11517.71
38288;11442.45
38289;11564.35
38292;11622.41
38293;11610.41
38294;11765.77
38295;11864.42
38296;11793.87
38299;11760
38300;11786.91
38301;11794.02
38302;11971.95
38303;11957.32
38306;11955.39
38307;11951.16
38308;12020.38
38309;12038.94
38310;11839.21
38313;11879.82
38314;11876.58
38315;11907.32
38316;11997.64
38317;12076.08
38320;12197.28
38321;12102.55
38322;12233.91
38323;12116.13
38324;12109.47
38327;12190.26
38328;12118.31
38329;12113.58
38330;12124.82
38331;12260.86
38334;12290.16
38335;12430.86
38336;12493.85
38337;12505.45
38338;12519.79
38341;12514.07
38342;12651.73
38343;12712.2
38344;12748.45
38345;12802.77
38348;12819.61
38349;12912.69
38350;13031.57
38351;12968.74
38352;12917.88
38355;13022.82
38356;12777.13
38357;12591.33
38358;12703.47
38359;12453.33
38362;12446.1
38363;12216.8
38364;12329.16
38365;12462.9
38366;12694.74
38369;12817.89
38370;13029.7
38371;13035.81
38372;12769.99
38373;12673.62
38376;12743.58
38377;12866.78
38378;13045.05
38379;12986.4
38380;13040.53
38383;13097.12
38384;13340.52
38385;13339.41
38386;13440.83
38387;13446.95
38390;13476.77
38391;13508.5
38392;13662.38
38393;13708.92
38394;13714.63
38397;13564.96
38398;13695.91
38399;13640.76
38400;13592.03
38401;13580.26
38404;13600.47
38405;13520.59
38406;13541.96
38407;13684.56
38408;13870.2
38411;13789.46
38412;13804.77
38413;13770.26
38414;13782.95
38415;13862.76
38418;13877.69
38419;13752.8
38420;13671.4
38421;13421.39
38422;13532.35
38425;13238.54
38426;13184.27
38427;13096.55
38428;13138.76
38429;13094.4
38433;13062.45
38434;12852.81
38439;12828.91
38440;12581.8
38441;12653.42
38442;12676.9
38443;12714.19
38446;12593.38
38447;12300.7
38448;12170.87
38449;12471.01
38450;12531.63
38453;12425.41
38454;12522.24
38455;12424.37
38456;12233.21
38457;11942.7
38460;11739.99
38461;12011.53
38462;11842.72
38463;12063.62
38464;11995.32
38467;12377.1
38468;12577.72
38469;12454.69
38470;12255.91
38471;12322.99
38474;12424.95
38475;12357.88
38476;12643.04
38477;12619.91
38478;12615.83
38481;12563.02
38482;12497.43
38483;12464.84
38484;12448.73
38485;12347.72
38488;12442.27
38489;12439.46
38490;12727.74
38491;12795.33
38492;12883.46
38495;13029.58
38496;13020.72
38497;13057.84
38498;13152.64
38499;13131.39
38502;13161.78
38503;12964.39
38504;13143.62
38505;13284.89
38506;13204.39
38509;13208.43
38510;13148.03
38511;13102.66
38512;13225.28
38513;13214.6
38516;13299.59
38517;13343.1
38518;13501.51
38519;13537.28
38520;13645.96
38523;13709.36
38524;13547.99
38525;13441.65
38526;13389.66
38527;13299.28
38530;13454.73
38531;13523.07
38532;13550.14
38533;13486.13
38534;13509.13
38537;13500.83
38538;13648.47
38539;13790.15
38540;13850.36
38541;13871.26
38544;13807.3
38545;13971.67
38546;14005.23
38547;14085.06
38548;13952.6
38551;13972.61
38552;14167.51
38553;14306.06
38554;14271.89
38555;14318.47
38558;14135.24
38559;14067.73
38560;14173.38
38561;14256.84
38562;14409.66
38565;14582.5
38566;14677.66
38567;14615.96
38568;14612.22
38569;14463.14
38572;14596.77
38573;14673.34
38574;14702.58
38575;14768.95
38576;14673.22
38579;14842.7
38580;14559.19
38581;14560.33
38582;14619.98
38583;14678.16
38586;14770.27
38587;14717.91
38588;14603
38589;14604.61
38590;14444.84
38593;14327.2
38594;14008.2
38595;14243.19
38596;14486.59
38597;14772.7
38600;14857.31
38601;15030.62
38602;15246.23
38603;15055.92
38604;15212.88
38607;15190.17
38608;15087.29
38609;15221.39
38610;15428.78
38614;15656.84
38615;15563.47
38616;15734.41
38617;15661.13
38618;15649.33
38621;15765.53
38622;15801.81
38623;15869.33
38624;15841.84
38625;16120.08
38628;16051.02
38629;15933.41
38630;15720.35
38631;15247.6
38632;15447.59
38635;15466.41
38636;15445.37
38637;15103.16
38638;14924.73
38639;14892.88
38642;15282.73
38643;15084.84
38644;15111.95
38645;14821.1
38646;14903.36
38649;15356.32
38650;15367.87
38651;15666.22
38652;15437.63
38653;15579.68
38656;15759.73
38657;15922.52
38658;15896.48
38659;15798.04
38660;15900.53
38663;15944.15
38664;15930.71
38665;15981.18
38666;16153.08
38667;16137.07
38670;16293.53
38671;16193.58
38672;16310.68
38673;16455.39
38674;16545.44
38677;16767.07
38678;16866.84
38679;16713.91
38680;16750.44
38681;16879.37
38684;16836.11
38685;16694.95
38686;16830.96
38687;17133.83
38688;17150.99
38691;17271.06
38692;17424.43
38693;17244.19
38694;17211.02
38695;17554.48
38699;17819.68
38700;18054.03
38701;17922.47
38702;17737.59
38705;17666.41
38706;17680.95
38707;17781.51
38708;17768.9
38709;17802.28
38712;17776.88
38713;17832.64
38714;17690.7
38715;17832.8
38716;17802.71
38719;17925.7
38720;18500.69
38721;18669.23
38722;18608.34
38723;18736.78
38726;18998.83
38727;18912.38
38728;19160.44
38729;18925.01
38730;18889.2
38733;18958.29
38734;18489.63
38735;18265.96
38736;18521.45
38737;18346.23
38740;18447.11
38741;18875.41
38742;18866.37
38743;19216.75
38744;18956.5
38747;18849.24
38748;18907.1
38749;19162.38
38750;19060.38
38751;18862.18
38755;18665.06
38756;18862.18
38757;18518.33
38758;18298.58
38761;17883.63
38762;18023.01
38763;18169.16
38764;18457.24
38765;18480.78
38768;18542.58
38769;18497.38
38770;18780.46
38771;19117.72
38772;19100.89
38775;18854.67
38776;18706.32
38777;19058.74
38778;19102.33
38779;19189.25
38782;18991.46
38783;18551.07
38784;18398.82
38785;18310.57
38786;18420.17
38789;18706.19
38790;18941.04
38791;18999.64
38792;19166.43
38793;19344.05
38796;19581.12
38798;19598.11
38799;19255.87
38800;19339.3
38803;19226.32
38804;18929.98
38805;19132.34
38806;19214
38807;19272.63
38810;19634.21
38811;19764.08
38812;19930.63
38813;19869.71
38814;19472.36
38817;19548.35
38818;19465.15
38819;19322.62
38824;19632.34
38825;19820.07
38826;19933.09
38827;19979.54
38828;20174.64
38831;20198.71
38832;20360.61
38833;20566.91
38834;20390.62
38835;20646.19
38839;21079.87
38840;21159.16
38841;21293.66
38842;21237.45
38845;21608.67
38846;21822.93
38847;21781.07
38848;21435.27
38849;21154.9
38852;20722.13
38853;20851.06
38854;20261.86
38855;20217.02
38856;20182.14
38859;19369.29
38860;19084.83
38861;18805.57
38862;19405.71
38863;19585.21
38866;19500.54
38867;18841.34
38868;18677.92
38869;19128.63
38870;19421.73
38873;18954.92
38874;18798.28
38875;18413.44
38876;18257.64
38877;17748.74
38880;16986.27
38881;16653.15
38882;16802.1
38883;17932.33
38884;18041.79
38887;17581.88
38888;17781.28
38889;18156.21
38890;18188.4
38891;18545.73
38894;18491.4
38895;18021.47
38896;18101.83
38897;18908.33
38898;19147.17
38901;20060.82
38902;20329.49
38903;19514.62
38904;20047.62
38905;19829.6
38908;19700.15
38909;19570.21
38910;19419.44
38911;18725.26
38912;18328.66
38915;18437.98
38916;18885.67
38917;19871.78
38918;19510.52
38919;19527.37
38922;19938.7
38923;20082
38924;19913.19
38925;20138.79
38926;20252.33
38929;20095.93
38930;19973.2
38931;20145.1
38932;20261.81
38933;20354.99
38936;20412.49
38937;20342.78
38938;20062.37
38939;20048.18
38940;20273.86
38943;20290.49
38944;20544.44
38945;20900
38946;20971.78
38947;21046.63
38950;20861.56
38951;20986.89
38952;20742.44
38953;20751.45
38954;20994.94
38957;21228.87
38958;21282.08
38959;21331.09
38960;21049.35
38961;21192.26
38964;21385.63
38965;21256.11
38966;20965.24
38967;20833.23
38968;20795.82
38971;20612.89
38972;21102.77
38973;21320.21
38974;21334.02
38975;21548.87
38978;21666.07
38979;21659.02
38980;21841.45
38981;21498.09
38982;21390.43
38985;21674.74
38986;21792.3
38987;21748.57
38988;21854.48
38989;21937.11
38992;21619.96
38993;21631
38994;22105.97
38995;22326.86
38996;22350.05
38999;22313.42
39000;22523.56
39001;22387.08
39002;22661.82
39003;22848.32
39006;22950.18
39007;22799.42
39008;23012.87
39009;23168.52
39010;23233.48
39013;23321.41
39014;23279.49
39015;23397.69
39016;23361.42
39017;22762.86
39020;22370.09
39021;23046.95
39022;23042.28
39024;23169.87
39027;23733.07
39028;23585.14
39029;23930.64
39030;23941.8
39031;23951.63
39034;24188.59
39035;24288.06
39036;24315.6
39037;24266.03
39038;24196.05
39042;24585.68
39043;24674.75
39044;24730.01
39045;24792.89
39048;24442.79
39049;24344.95
39050;24776.09
39051;24962.01
39055;25207.48
39056;25593.92
39057;25615.85
39058;25639.31
39059;25756.81
39062;25828.48
39064;25690.39
39065;25863.39
39066;25757.68
39069;25857.44
39070;25621.5
39071;25394.69
39072;25546.82
39073;25432.64
39077;25705.04
39078;26196.66
39079;26295.21
39080;26448.32
39084;26664.45
39085;26619.37
39086;26566.28
39087;26135.6
39090;26281.64
39091;25783.04
39092;25885.8
39093;26247.9
39094;26324.38
39097;26480.03
39098;26480.33
39099;26558.5
39100;26112.87
39101;26213.38
39104;26432.25
39105;26810
39106;27338.3
39107;26899.34
39108;27045.71
39111;26834.05
39112;27135.37
39113;27561.49
39114;27842.76
39115;27933.07
39119;28067.4
39120;28123.76
39121;28197.26
39122;27906.89
39125;27972.23
39126;28262.65
39127;28539.69
39128;28498.75
39129;28491.07
39132;28590.17
39133;28589.66
39134;28715.96
39135;28676.48
39136;28505.72
39139;28046.16
39140;26418.82
39141;26638.95
39142;26647.65
39143;26321.12
39146;25788.37
39147;26355.64
39148;26184.39
39149;26773.79
39150;27106.53
39153;27261.17
39154;26589.2
39155;26719.32
39156;26883.53
39157;26901.42
39161;27407.46
39162;28219.55
39163;28258.8
39164;28272.03
39167;28158.97
39168;28124.33
39169;28098.28
39170;28704.24
39171;28747.69
39174;29171.52
39175;29348.09
39176;29370.94
39181;29632.2
39182;29515.64
39183;29278.75
39184;29606.97
39185;29762.22
39188;29718.66
39189;29598.99
39190;29559.52
39191;29614.05
39192;29832.48
39195;29593.85
39196;29544.18
39197;29444.15
39198;29342.7
39199;29372.93
39202;28996.71
39204;29259.92
39205;29752.95
39206;30013.85
39209;29776.57
39210;29572.4
39211;29992.83
39212;29653.82
39213;30058.75
39216;29766.33
39217;29619.91
39218;30341.25
39219;30478.37
39220;30676.34
39223;30708.73
39224;30802.25
39225;30869.84
39226;30338.58
39227;30700.01
39230;30928.43
39231;30664.73
39232;31380
39233;31398.96
39234;31946.4
39237;32096.21
39238;32271.38
39239;31681.76
39240;31184.49
39241;31466.6
39244;31833.44
39245;31608.59
39246;31884.06
39247;32114.09
39248;32128.97
39251;32218.17
39252;32064.99
39253;31550.76
39254;31830.84
39255;31642.26
39258;31296.01
39259;30744.71
39260;30804.21
39261;31079.24
39262;31151.05
39265;31420.69
39266;32117.83
39267;32201.63
39268;32177.83
39269;32411.84
39272;32088.25
39273;31743.02
39274;31916.27
39275;32261.1
39276;32386.51
39279;32265.93
39280;31979.14
39281;31886.74
39282;32150.65
39283;31922.62
39286;32168.43
39287;31462.15
39288;31103.53
39289;29996.6
39290;30235.17
39293;30900.68
39294;30659.66
39295;30048.37
39296;30394.81
39297;29671.77
39300;29721.63
39301;30239.92
39302;30661.87
39303;29883.96
39304;29420.47
39307;29607.2
39308;28895.73
39309;28140.73
39310;27793.16
39311;28510.66
39314;28453.55
39315;28568.43
39316;29269.34
39317;29459.82
39318;30041.54
39321;30275.84
39322;29326.76
39323;29710.78
39324;29744.07
39325;30347.86
39328;30797.6
39329;30932.71
39330;30809.55
39331;30816.95
39332;30252.77
39335;29893.18
39336;30191.14
39337;30076.33
39338;30302.23
39339;30096.03
39342;29794.49
39343;30603.42
39344;30512.64
39345;30485.75
39346;30583.07
39349;30543.45
39350;30294.77
39351;30303.18
39352;30528
39353;30296.19
39356;30855.68
39357;31451.79
39358;31178.84
39359;31078.33
39360;31540.94
39363;31825.51
39364;31801.69
39365;32129.4
39366;31980.95
39367;32473.47
39370;32335.86
39371;32230.82
39372;32721.82
39373;32836.12
39374;31823.4
39377;31969.48
39378;32229.44
39379;32048.18
39380;31886.1
39381;32136.76
39384;32100.76
39385;31783.62
39386;31458.67
39387;30806.3
39391;30157.69
39392;30430.5
39393;29582.21
39394;29289.72
39395;29158.86
39398;28185.9
39399;29484.78
39400;29655.68
39401;29170.9
39402;29631.57
39406;29050.52
39407;28446.45
39408;28520.16
39409;28710.87
39412;27883.01
39413;28124.65
39414;29276.39
39415;29399.92
39416;29770.52
39419;29968.53
39420;29998.79
39421;30761.64
39422;31257.3
39423;31268.36
39426;31182.75
39427;30327.36
39429;30088.04
39430;29994.9
39433;28968.2
39434;29254.98
39435;29074.12
39436;29148.45
39437;29638.4
39440;29853.77
39442;30002.46
39443;29642.12
39444;29700.19
39447;29536.83
39449;28699.12
39450;28860.78
39451;28317.92
39454;28152.56
39455;28267.78
39456;28401.61
39457;29069.56
39458;28723.82
39461;28607.45
39462;27961.85
39463;27343.57
39464;26698.66
39465;26713.83
39468;25284.88
39469;26892.74
39470;27620.33
39471;27905.13
39472;27379.92
39475;27758.93
39476;28263.95
39477;28296.8
39478;28793.64
39479;29429.93
39483;28086.97
39484;27929.29
39485;28088.32
39486;28185.26
39489;28789.55
39490;28869.96
39491;29306.76
39492;29138.92
39493;28744.81
39496;29172.21
39497;28899.97
39498;29224.44
39499;29361.32
39500;29528.79
39503;29962.88
39504;30228.08
39505;30424.76
39506;30130.47
39507;28918.52
39510;29526.7
39511;29261.11
39512;29277.35
39513;28717.04
39514;28612.75
39517;28207.29
39518;29466.17
39519;29283.4
39520;29703.09
39521;29048.51
39525;29515.55
39526;29071.34
39531;29634.16
39532;29981.08
39533;30057.26
39534;29987.05
39535;30089.9
39538;30912.99
39539;31787.68
39540;31467.87
39541;31689.61
39542;31545.37
39545;31715.44
39546;31726.86
39547;31417.83
39548;31649.05
39549;31302.57
39552;31192.48
39553;31375.95
39554;31910.21
39555;31785.99
39556;31795.68
39559;32095.04
39560;32039.72
39561;31847.98
39562;31746.23
39563;31009.02
39566;30623.39
39567;30270.64
39568;30281.41
39570;30551.47
39573;30958.89
39574;31223.42
39575;30762.16
39576;30751.97
39577;30674.36
39580;30637.36
39581;30887.4
39582;31336.57
39583;31542.97
39584;31486.95
39587;31796.41
39588;31526.17
39589;31126.07
39590;31245.68
39591;31068.7
39594;31314.55
39595;31414.21
39596;31647.03
39597;31837.27
39598;31975.47
39601;31636.21
39602;31492.64
39603;31448.11
39604;31726.01
39605;31149.06
39608;30933.44
39609;30898.87
39610;30446.24
39611;30475.44
39612;30413.48
39615;30354.18
39616;29925.27
39617;29618.11
39618;29847.85
39619;29533.44
39622;29464.54
39623;29291.61
39624;29569.44
39625;29199.94
39626;29295
39629;29395.49
39630;29221.11
39631;28680.83
39632;28465.55
39633;28338.12
39636;28383.53
39637;28551.25
39638;28095.79
39639;27877.33
39640;27614.54
39643;27517.11
39644;27435.8
39645;27968.82
39646;28215.86
39647;28169.77
39650;27988.47
39651;27592.24
39652;27644.75
39653;26878.19
39654;27084.77
39657;26732.84
39658;27318.64
39659;27474.04
39660;27501.02
39661;26959.18
39664;26487.76
39665;26990.19
39666;27342.39
39667;26986.98
39668;27132.79
39671;26943.69
39672;26636.55
39673;26877.07
39674;27247.45
39675;27340.83
39678;26777.48
39679;26732.11
39680;26865.04
39681;26534.97
39682;26875.45
39685;26416.62
39686;26071.46
39687;26131.35
39688;26444.12
39689;26290.99
39692;26424.7
39693;26522.76
39694;26467.79
39695;26151.63
39696;25904.18
39699;26232.56
39700;25629.79
39701;25622.91
39702;25552.49
39703;25588.41
39706;24618.15
39708;23456.84
39709;24577.9
39710;25701.03
39713;25131.91
39714;24969.17
39715;24944.25
39716;25645.5
39717;25593.77
39720;23955.67
39721;24888.9
39722;25117.32
39723;24027.35
39724;22989.5
39727;21749.13
39728;20884.74
39729;20678.97
39730;20310.2
39731;19905.27
39734;22095.89
39735;22244.61
39736;21135.42
39737;20457.93
39738;20312.83
39741;20786.21
39742;20203.27
39743;18787.34
39744;17798.99
39745;16978.84
39748;16868.66
39749;18632.53
39750;19157.33
39751;20207.02
39752;20445.32
39755;20612.68
39756;21535.27
39757;20446.77
39758;19650.86
39759;19865.22
39762;20020.53
39763;19795.25
39764;18804.95
39765;19710.1
39766;19562.14
39770;19036.23
39771;18578.38
39772;18190.7
39773;18251.41
39776;19529.25
39777;19297.63
39778;20025.79
39779;20201.82
39780;20534.72
39783;19533.08
39784;19802.27
39785;20147.01
39786;19916.21
39787;20081.83
39790;21168.72
39791;21439.65
39792;21689.84
39793;21408.35
39797;21050.55
39798;22032.54
39799;22572.5
39800;22347.17
39801;22221.64
39804;22059.18
39805;22174.26
39806;22340.7
39808;22515.34
39811;22392.38
39812;22420.01
39813;22380.32
39815;23250.96
39818;23238.86
39819;23005.41
39820;22117.51
39821;21955.4
39822;21741.29
39825;21162.27
39826;21047.3
39827;20369.23
39828;20280.49
39829;20325.39
39832;20393.41
39833;19213.02
39834;19497.1
39835;19306.73
39836;19348.81
39839;19583.08
39840;19616.15
39841;20145.22
39842;19537.05
39843;19565.14
39847;19630.46
39848;19622.6
39849;19736.96
39850;20438.13
39853;20537.1
39854;19825.72
39855;19446.65
39856;19358.25
39857;19368.1
39860;19520.87
39861;18853.93
39862;18741.27
39863;18682.47
39864;18324.23
39867;17956.4
39868;18296.11
39869;18200.7
39870;18047.16
39871;17752.18
39874;16929.8
39875;17093.25
39876;17824.96
39877;17365.02
39878;17043.44
39881;16964.36
39882;17543.52
39883;17790.69
39884;18864.87
39885;19437.01
39889;19325.05
39890;19620.48
39891;19596.51
39892;19363.3
39895;20346.43
39896;20242.61
39897;20272.77
39898;20542.25
39899;20315.17
39902;19530.15
39903;19626.75
39904;19880.37
39905;20562.59
39906;20933.78
39909;20807.21
39910;20623.42
39911;20530.63
39916;21838.96
39917;21918.6
39918;21861.36
39919;22189.2
39920;22234.84
39923;21587.49
39924;21216.94
39925;21480.01
39926;21829.33
39927;22582.17
39930;21827.11
39931;21662.53
39932;22072.11
39933;21898.85
39937;23014.05
39938;23430.24
39939;23906.13
39940;23589.4
39941;24085.58
39944;23943.02
39945;23696.49
39946;23155.01
39947;23405.93
39948;23341.72
39951;23935.49
39952;24344.62
39953;24399.6
39954;23821.26
39955;24093.24
39958;24198.96
39959;24640.08
39960;24507.81
39961;24659.24
39962;24331.71
39965;25105.63
39966;25183.83
39967;24651.32
39968;24748.03
39969;24913.01
39972;24932.88
39973;25107.43
39974;25183.72
39975;25372.85
39976;25460.02
39979;24899.69
39980;24224.83
39981;24150.94
39982;24340.65
39983;24274.72
39986;23314.68
39987;23496.39
39988;23711.24
39989;24245.71
39990;24458.23
39993;24473.53
39994;24368.38
39995;24524.01
39996;24051.46
39997;24045.39
40000;23742.49
40001;23359.94
40002;23468.98
40003;23634.27
40004;23656.26
40007;23951.96
40008;24340.65
40009;25336.33
40010;25735.56
40011;25741.96
40014;26284.06
40015;26004.02
40016;26288.21
40017;26805.42
40018;26646.37
40021;26815.3
40022;26850.75
40023;26516.5
40024;26810.27
40025;27043.5
40028;27692.48
40029;27869.92
40030;28082.63
40031;27802.41
40032;28179.55
40035;28305.32
40036;27800.8
40037;28096.02
40038;28155.49
40039;27855.43
40042;27299.58
40043;27544.32
40044;27598.37
40045;27944.24
40046;28308.96
40049;28004.27
40050;28005.46
40051;28212.85
40052;28437.26
40053;28599.92
40056;28129.95
40057;27749.16
40058;27953.34
40059;28150.09
40060;28309.55
40063;28585.25
40064;29190.82
40065;29100.05
40066;29318.42
40067;29448.79
40070;29383.19
40071;29625.02
40073;30017.72
40074;29942
40077;29607.16
40078;29513.68
40079;28959.67
40080;28465.11
40081;28759.98
40084;29401.99
40085;29432.01
40086;29232.24
40087;28588.26
40088;28678.66
40091;29214.4
40092;29690.48
40093;29763.37
40094;29898.85
40095;30039.71
40098;30475.43
40099;30611.1
40100;30881.1
40101;31017.73
40102;30726.3
40105;30927.11
40106;31000.94
40107;30889.05
40108;30761.76
40109;30617.68
40112;30280.08
40113;29312.84
40114;28670.9
40115;29247.83
40116;28646.03
40120;28886.53
40121;29430.51
40122;29735.34
40123;29868.62
40126;30646.24
40127;30788.2
40128;31097.64
40129;30759.85
40130;31002.09
40134;31400.2
40135;31056.62
40136;30817.67
40137;30666.51
40140;31126.17
40141;30961.99
40142;31364.04
40143;30447.83
40144;30775.45
40147;30957.11
40148;31750.58
40149;32111.79
40150;31967.43
40151;32105.39
40154;32085.17
40155;31710.39
40156;31670.21
40157;31916.6
40158;31901.69
40161;32009.88
40162;31902.6
40163;31956.25
40164;31948.41
40165;31834.07
40168;31799.23
40169;32240.32
40170;32450.23
40171;32548.53
40175;32610.51
40176;32626.29
40177;32448.74
40178;32120.47
40182;32758.53
40183;32732.76
40184;32830.16
40185;33064.57
40186;32892.04
40189;32935.38
40190;32792.66
40191;32836.08
40192;32729.58
40193;32262.3
40196;32482.73
40197;32473.05
40198;32025.34
40199;31205.3
40200;30830.91
40203;30465.06
40204;30651.56
40205;30610.83
40206;30811.35
40207;30391.61
40211;30876.65
40212;31287.04
40213;30603.71
40214;30630.73
40217;30649.44
40218;30818.48
40219;30746.05
40220;30845.63
40221;31005.74
40224;31038.32
40225;31644.77
40226;31892.12
40227;32170.79
40228;32172.11
40231;32034.34
40232;31850.24
40233;31788.54
40234;31649.1
40235;31634.54
40238;31765.14
40239;32055.04
40240;32353.54
40241;32202
40242;32436.53
40245;32520.27
40246;32514.17
40247;32505.76
40248;32602.94
40249;32578.05
40253;32723.9
40254;32798.3
40255;32969.83
40256;33022.84
40259;33142.02
40260;33361.27
40261;33160.97
40262;33164.33
40263;33147.81
40266;33416.1
40267;33399.46
40268;33266.43
40273;33648.89
40274;33801.21
40275;33632.35
40276;33567.35
40277;33840.85
40280;33852.39
40281;33819.04
40282;34113.93
40283;34134.23
40284;33621.39
40287;33439.77
40288;33813.16
40289;33517.18
40290;33658.37
40291;33853.69
40294;33771.55
40295;32679.36
40296;32952.86
40297;32861
40298;32687.32
40301;32832.45
40302;32120.65
40303;31995.28
40304;31398.97
40305;31488.82
40308;32276.92
40309;32119.11
40310;32379.63
40311;32342.43
40312;31812.73
40315;31580.63
40316;31136.35
40317;30992.76
40318;30368.08
40319;30629.15
40322;30759.48
40323;30634.17
40324;31328.49
40325;32056.16
40326;31547.55
40329;32038.53
40330;31245.83
40331;31411.91
40332;31331.86
40333;30992.65
40336;30739.01
40337;31059.83
40338;31209.33
40339;31910.22
40340;32124.28
40343;32238.41
40344;32685.4
40345;32805.63
40346;32775.34
40347;32814.62
40350;32882
40351;32470.7
40352;32663.29
40353;32312.76
40354;32607.13
40357;32568.19
40358;31473.2
40359;31156.97
40360;31197.04
40361;31379.67
40364;31391.45
40365;31533.58
40366;32035.19
40367;31960.64
40368;32004.31
40371;31870.55
40372;32185.2
40373;32305.71
40374;32381.06
40375;31783.39
40378;31845.88
40379;32024.27
40380;32108.99
40381;32720.76
40382;32806.03
40385;32958.89
40386;32695.31
40387;32665.56
40388;32463.72
40389;32308.74
40392;32816.52
40393;32768.08
40394;32900.48
40395;32907.19
40396;32917.92
40399;32837.57
40400;32685.52
40401;32058.57
40402;32041.13
40403;32099.75
40406;32119.88
40407;32286.08
40408;32408.3
40409;32153.63
40410;32291.67
40413;32142.67
40414;31364.89
40415;31453.72
40416;31217.99
40417;31755.35
40420;31382.67
40421;31679.85
40422;32339.23
40423;32417.33
40424;32592.87
40427;32746.67
40428;32448.4
40429;32409.6
40430;32518.98
40431;32626.87
40434;32921.63
40435;33058
40436;33046.69
40441;33273.53
40442;33296.69
40443;33207.21
40444;33091.13
40445;33280.75
40448;33122.44
40449;33258.53
40450;33186.76
40451;33330.34
40452;33807.48
40455;34040.17
40456;34257.4
40457;34370.64
40458;34257.81
40459;34464.82
40462;34465.41
40463;34437.39
40464;34798.65
40465;34836.5
40466;34741.54
40469;34919.31
40470;34452.21
40471;34880.47
40472;34965.25
40473;35120.88
40476;35262.89
40477;35373.39
40478;35262.9
40479;35376.72
40480;35568.22
40483;35722.71
40485;35843.81
40486;36198.6
40487;36317.51
40490;36543.39
40491;36198.03
40492;36417.47
40493;36304.54
40494;36057.39
40498;35648.21
40499;35842.48
40500;36322.12
40501;36601.4
40504;36710.46
40505;36271.83
40506;37079.28
40507;36969.2
40508;36904.53
40511;36890.61
40512;36817.32
40513;37277.56
40514;37399.47
40515;37385.91
40518;37737.13
40519;37880.13
40520;37617.77
40521;37567.39
40522;37677.78
40525;37894.34
40526;37901.04
40527;37676.55
40528;37832.86
40529;37997.34
40532;37975.48
40533;38230.86
40534;38172.91
40535;38131.47
40536;38081.07
40539;38132.85
40540;38147.51
40541;38230.2
40542;38243.14
40543;38550.79
40546;38605.8
40547;38542.16
40548;38696.24
40549;38589.67
40550;38600.86
40553;38378.16
40554;38028.81
40555;37963.31
40556;38070.19
40557;37994.72
40560;38096.91
40561;38151.3
40562;37810.16
40563;37584.68
40564;37321.11
40567;37667.9
40568;37470.76
40569;37585.4
40570;37447.7
40571;36839.72
40574;36982.24
40575;37618.1
40576;37948.75
40577;37739.08
40578;37451.84
40582;37565.65
40583;36986.94
40584;36652.13
40585;37011.49
40588;36998.93
40589;36951.25
40590;37074.93
40591;37226.43
40592;37522.3
40595;37242.05
40596;36781.55
40597;36464.07
40598;36446.56
40599;36880.2
40602;37019.7
40603;36768.09
40604;36863.53
40605;37132.98
40606;36900.84
40609;36603.3
40610;36688.12
40611;36450.19
40612;35891.41
40613;36091.22
40616;36205.76
40617;36012.17
40618;35655.31
40619;35621.68
40620;35418.5
40624;35925.35
40625;36546.62
40626;36872.38
40627;36784.27
40630;36767.86
40631;36795.89
40632;37210.27
40633;37440.51
40634;37775.07
40637;37903.58
40638;37832.96
40639;37861.81
40640;37471.54
40641;37471.72
40644;37590.67
40645;37321.8
40646;37347.69
40647;37069.96
40648;36988.38
40651;36332.1
40652;36440.22
40653;36816.31
40658;36860.68
40659;36892.24
40660;36826.93
40661;36722.64
40662;36962.62
40665;36592.61
40666;35873.21
40667;35531.22
40668;35325.09
40669;35212.23
40672;35467.01
40673;35678.92
40674;35380.53
40675;35161.26
40676;35045.14
40679;35130.6
40680;34819.57
40681;35364.33
40682;35276.47
40683;35298.67
40686;35215.02
40687;35382.56
40688;35498.42
40689;35742.21
40690;35819.2
40693;35639.38
40694;35832.79
40695;35410.51
40696;35416.25
40697;35123.89
40700;34673.48
40701;34895.83
40702;34879.07
40703;35233.4
40704;34963.78
40707;34997.97
40708;35445.65
40709;35318.39
40710;35220.99
40711;35025.74
40714;35109.97
40715;35276.6
40716;35399.44
40717;35326.66
40718;35347.85
40721;35601.73
40722;36188.91
40723;36579.59
40724;36558.07
40725;36800.72
40728;36847.1
40729;36640.93
40730;36468.01
40731;36583.29
40732;36499.85
40735;36359.49
40736;36178.59
40737;36254.7
40738;36164.61
40739;36155.86
40742;35781.43
40743;35752.02
40744;35341.67
40745;35555.83
40746;35755.48
40749;35479.67
40750;35341.27
40751;35597.63
40752;35917.8
40753;35999.34
40756;35730.71
40757;34814.94
40758;34484.37
40759;33322.63
40760;33697.87
40763;31715.78
40764;32381.55
40765;32219.33
40766;33590.33
40767;33361.5
40770;33901.08
40771;33948.48
40772;34049.58
40773;33246.63
40774;33136.89
40777;33593.65
40778;34675.53
40779;34644.92
40780;33904.38
40781;34042.22
40784;35016.04
40785;35148.91
40786;35721.1
40787;35637.86
40788;35134.43
40791;33880.02
40792;34439.34
40793;35179.59
40794;34712.38
40795;33812.62
40798;33792.56
40799;33947.62
40800;34661.78
40801;35181.44
40805;35076.96
40806;34337.97
40807;34019.22
40808;32381.06
40809;32588.43
40812;33385.94
40813;33783.68
40814;33438.16
40815;33686.16
40816;33503.28
40819;33133.88
40820;32966.23
40821;33000.29
40822;33279.72
40823;33005.09
40826;33547.24
40827;33681.8
40828;34470.36
40829;34584.75
40830;34848.42
40833;34125.7
40834;35011.71
40835;34523.27
40836;34395.5
40837;35020.74
40840;35265.56
40841;35290.15
40842;35818.58
40843;36727.21
40844;36708.64
40847;36159.99
40848;35742.57
40850;36579.07
40851;36689.38
40854;37024.61
40855;37351.81
40856;36553.85
40857;36615.07
40858;37555.65
40861;37069.9
40862;37293.38
40863;36708.41
40864;36110.68
40865;36284.2
40869;35969.61
40870;35375.61
40871;35323.6
40872;34573.04
40875;35558.18
40876;35708.71
40877;36829.15
40878;36567.63
40879;36756.06
40882;37103.17
40883;37071.17
40884;37054.56
40885;36641.31
40886;37227.21
40890;36471.44
40891;36012.67
40892;36006.9
40893;36054.63
40896;35587.78
40897;36239.39
40898;36628.06
40899;37066.77
40900;37041.42
40903;37217.97
40904;37091.42
40905;36644.86
40906;37185.73
40907;37077.52
40910;37335.03
40911;37384.34
40912;37387.63
40913;37017.95
40914;36804.05
40917;36785.34
40918;37190.9
40919;37307.64
40920;37320.97
40921;36548.56
40924;36916.16
40925;36601.2
40926;37506.76
40927;37680.06
40928;37384.21
40931;37195.73
40932;36853.3
40933;37212.86
40934;37240.78
40935;37184.71
40938;37241.61
40939;37422.68
40940;37709.65
40941;37711.16
40942;38092.81
40946;38062.42
40947;38140.55
40948;38242.28
40949;38149.22
40952;38204.33
40953;37831.87
40954;37864.55
40955;38212.24
40956;37914.7
40959;38296.68
40960;37859.48
40961;37912.55
40962;38027.84
40963;37945.22
40966;37785.72
40967;38021.42
40968;37816.69
40969;38033.45
40970;38327.43
40973;38155.27
40974;37487.63
40975;37548.54
40976;37815.43
40977;37691.01
40980;37590.17
40981;38019.76
40982;37971.44
40983;38134.57
40984;38258.45
40988;38055.27
40989;38434.51
40990;38323.51
40991;38334.9
40994;38863.15
40995;38956.32
40996;38910.68
40997;39125.35
40998;39521.24
41001;39908.54
41002;39924.93
41003;39398.88
41008;39432.15
41009;39035.17
41010;39167.14
41011;39357.81
41012;39136.99
41015;39054.84
41016;39355.17
41017;39330.12
41018;39395.64
41019;39354.86
41022;38961.79
41023;38849.08
41024;39066.01
41025;39212.16
41026;39324.14
41029;39461
41031;39597.42
41032;39580.05
41033;39408.61
41036;40045.51
41037;39214.64
41038;39122.82
41039;39170.9
41040;38888.79
41043;38352.11
41044;37939.63
41045;37511.08
41046;37261.24
41047;36875.33
41050;37512.41
41051;37481.19
41052;37422.38
41053;37553.21
41054;37486.25
41057;37642.8
41058;38126.85
41059;38070.67
41060;37872.95
41061;37182.37
41064;37059.78
41065;37089.36
41066;37274.79
41067;37247.34
41068;37323.91
41071;37035.75
41072;37271
41073;37142.15
41074;37440.48
41075;37738.58
41078;38060.82
41079;38688.65
41080;38973.64
41081;38515.94
41082;39071.5
41085;39157.51
41086;39339.15
41087;39490.68
41088;39637.66
41089;40199.55
41092;40108.92
41093;40434.71
41094;40353.43
41095;40040.69
41096;39831.65
41099;39963.26
41100;40049.59
41101;40221.8
41102;40268.41
41103;40498.47
41106;40910.8
41107;41273.02
41108;40747.47
41109;40752.53
41110;40808.73
41113;40947.55
41114;40697.87
41115;40435.1
41116;40977.32
41117;41476.48
41120;41333.11
41121;40704.28
41122;40805.4
41123;40759
41124;40998.4
41127;41096.44
41128;41070.24
41129;40851.18
41130;40677.48
41131;40850
41134;40366.27
41135;40644.97
41136;40792.59
41137;40714.87
41138;40547.49
41141;40350
41142;40096.64
41143;40027.13
41144;39879.01
41145;40211.41
41148;39972.85
41149;39950.9
41150;39908.9
41151;39885.39
41152;39421.65
41155;39802.94
41156;39549.43
41157;39573.92
41158;39987.06
41159;40043.87
41162;39991.19
41163;39998.97
41164;40248.38
41165;40654.38
41166;40693.47
41169;40621.46
41170;40590.96
41171;40941.31
41172;40500.35
41173;40338.7
41176;40561.22
41177;40215.35
41178;40332.98
41179;40729.7
41180;40866.96
41183;41124.56
41184;41199.29
41185;41004.84
41186;41421.74
41187;41934.08
41190;41756.96
41191;41755.16
41192;41470.05
41193;41745.39
41194;41665.48
41197;42008.55
41198;42518.35
41199;42559.98
41200;42592.78
41201;42386.83
41204;42122.25
41205;42041.14
41206;42095.16
41207;41877.27
41208;41836.92
41211;41817.11
41212;41599
41213;41619.96
41214;41761.78
41218;41722.14
41219;41720.62
41220;41010.98
41221;40830.65
41222;40677.07
41225;40859.9
41226;41078.5
41227;40750.42
41228;40573.66
41229;40830.6
41233;41184
41234;41668.06
41235;42032.35
41236;41919.55
41239;41878.27
41240;41769.38
41241;41912.95
41242;42090.69
41243;41833.52
41246;42323.84
41247;42337.82
41248;42416.29
41249;42589.68
41250;42797.67
41253;43134.51
41254;43183.28
41256;43006.31
41257;43050.92
41260;43338.33
41261;43825.97
41262;43647.99
41263;43637.68
41264;43621.62
41267;43533.45
41269;43495.74
41270;43469.89
41271;43721.93
41274;43705.83
41276;44304.17
41277;44370.64
41278;44562.33
41281;44625.93
41282;44571.2
41283;44862.54
41284;44859.8
41285;44888.13
41288;44862.92
41289;44748.06
41290;44865.3
41291;44943.34
41292;45212.53
41295;45223.85
41296;45320.3
41297;45442.98
41298;45428.7
41299;45575.86
41302;45912.51
41303;45907.98
41304;45753.18
41305;45278.06
41306;45768.49
41310;45688.12
41311;45570.71
41312;45019.21
41313;45089.36
41316;45063.88
41317;44873.44
41318;44096.27
41319;43878.28
41320;44152.96
41323;44141.92
41324;44639.76
41325;44299.56
41326;44136.6
41327;43875.73
41330;43497.2
41331;43489.2
41332;43772.89
41333;44120.99
41334;43995.72
41337;43871.31
41338;44017.12
41339;44159.65
41340;43968.6
41341;44322.51
41344;44013.3
41345;43965.41
41346;43278.11
41347;43348.52
41348;42605.05
41352;42060.61
41353;42497.97
41354;42531.07
41355;42686.68
41358;42900.83
41359;43664.73
41360;44077.09
41365;43932.52
41366;44113.5
41367;43717.57
41368;43566.69
41369;43244.25
41372;43430.99
41373;43973.18
41374;44380.83
41375;44408.43
41376;44004.27
41379;42984.38
41380;43223.69
41381;42610.91
41382;42460.21
41383;42808.17
41386;42914.2
41387;43113.61
41388;42294.93
41389;42547.47
41390;41897
41393;41910.53
41394;42263.48
41396;42090.01
41397;42602.07
41400;42197.99
41401;42406.67
41402;42102.14
41403;41682.64
41404;41741.54
41407;41766.91
41408;41925.14
41409;41905.23
41410;41761.11
41411;41806.73
41414;41080.43
41415;40548.44
41416;40119.02
41417;40505.27
41418;40521.27
41421;40144.65
41422;40764.04
41423;40638.97
41424;40984.5
41425;41588.32
41428;41094.82
41429;40750.4
41430;40226.33
41431;40579.08
41432;40232.68
41435;40721.35
41436;39890.24
41437;39480.35
41438;39481.47
41439;39269.3
41442;39549.46
41443;39459.98
41444;39044.95
41445;37517.23
41446;38036.46
41449;37517.36
41450;37901.77
41451;38805.27
41452;39650.75
41453;40623.3
41456;41176.8
41457;40832.48
41458;40828.85
41459;41200.4
41460;40623.09
41463;40071.64
41464;40221
41465;39999.02
41466;40479.83
41467;40329.81
41470;40322.32
41471;39659.51
41472;40240.19
41473;40245.31
41474;39891.67
41477;40117.67
41478;40790.16
41479;40839.04
41480;40752.09
41481;41064.58
41484;40341.86
41485;40236.55
41486;40837.88
41487;41863.76
41488;42051.6
41491;41918.41
41492;41914.82
41493;42246.5
41494;42712.05
41495;42648.74
41498;42124.84
41499;42366.45
41500;42430.11
41501;42155.34
41502;42049.7
41505;41484.25
41506;41825.4
41507;41458.16
41508;41007.43
41509;40925.13
41512;40419.93
41513;39656
41514;39248.07
41515;39162.49
41516;39492.37
41519;40129.04
41520;39541.51
41521;39773.53
41522;39686.45
41523;39915.06
41526;40953.85
41527;41732.98
41528;41640.53
41529;40785.68
41530;41122.47
41534;41137.67
41535;41902.2
41536;41752.26
41537;41225.98
41540;41314.68
41541;41209.95
41542;41724.03
41543;41327.58
41544;40903.65
41547;40185.23
41548;41335.27
41549;41300.66
41550;40841.13
41551;40909.54
41554;40451.16
41555;39916.84
41556;39866.17
41557;40489.95
41558;40975.37
41561;40882.09
41562;40218.32
41563;40355.27
41564;40199.47
41565;40412.69
41568;40345.78
41569;40813.48
41570;40552.59
41571;40246.73
41572;40671.61
41575;41125.02
41576;41284.38
41577;41050.09
41578;41038.65
41579;41079.61
41582;41013.72
41583;40304.45
41584;40280.09
41585;40009.9
41586;39864.16
41589;39686.83
41590;39594.64
41591;39765.92
41592;40306.7
41593;41034.11
41597;40643.25
41598;40795.56
41599;40998.37
41600;41199.02
41603;40948.36
41604;41002.68
41605;41872.59
41606;42160.42
41607;42499.13
41610;42138.55
41611;41876.86
41612;42003.65
41613;41910.08
41614;41925.54
41617;42289.23
41618;42490.1
41619;42304.55
41621;41884.83
41624;42054.02
41625;41758.55
41626;42079.87
41627;42198.32
41628;42183.77
41631;42508.03
41632;42585.66
41634;42540.32
41635;42753.22
41638;42958.82
41639;42727.09
41641;42188.45
41642;42064.97
41645;41525.95
41646;41778.6
41647;41515.49
41648;41585.54
41649;42458.51
41652;42158.62
41653;42439.79
41654;42511.25
41655;42172.73
41656;41911.31
41659;41976.37
41660;41838.63
41661;42062.82
41662;41531.8
41663;40979.8
41666;40863.41
41667;40660.93
41668;40689.9
41669;41008.3
41670;40879.75
41674;40085.52
41675;39880.87
41676;40288.78
41677;40525.74
41680;40116.36
41681;40759.62
41682;40690.06
41683;40308.96
41684;40710.89
41687;40735.48
41688;40421.86
41689;40006.42
41690;39654.23
41691;39724.58
41694;39792.71
41695;39023.65
41696;38605.62
41697;38912.93
41698;38782.89
41701;38534.82
41702;39084.36
41703;39021.07
41704;39176.3
41705;38913.04
41708;38671.01
41709;38689.57
41710;38634.83
41711;38037.5
41712;37950.97
41716;38814.69
41717;38811.94
41718;39616.19
41719;40021.73
41722;39821.71
41723;39793.02
41724;39761.3
41725;39911.01
41726;40048.2
41729;40461.6
41730;40470.01
41731;40900.53
41732;40563.06
41733;40598.34
41736;40595.7
41737;40906.83
41738;40937.77
41739;40447.96
41740;40380.79
41743;40530.69
41744;40481.8
41745;40890.53
41750;40654.07
41751;40468.2
41752;40296.98
41753;40407.93
41754;40198.4
41757;40136.57
41758;40702.67
41759;40711.56
41761;40967.95
41764;41047.88
41765;41470.82
41766;41803.13
41767;41659.91
41768;41641.11
41771;42086.17
41772;42236.83
41773;42144.51
41774;41561.83
41775;41898.84
41778;41840.05
41779;41805.1
41780;41828.98
41781;41943.96
41782;41917.92
41785;42004.58
41786;41958.97
41787;41960.45
41788;42009.92
41789;41362.51
41792;41936.71
41793;42126.09
41794;41953.3
41795;42173.03
41796;42778.26
41799;43009.99
41800;43045.27
41801;42944.81
41802;42617.62
41803;42485.66
41806;42596.25
41807;42612.64
41808;42802.6
41809;42957.36
41810;42865.72
41813;42916.73
41814;42884.76
41815;42854.19
41816;42613.8
41817;42493.86
41820;42737.17
41821;42872.84
41822;43279.48
41823;43660.7
41824;43518.06
41827;43452.55
41828;43403.43
41829;43686.75
41830;43474.29
41831;43481.83
41834;43967.44
41835;43960.43
41836;44009.23
41837;43920.76
41838;44278.9
41841;44125.73
41842;44257.09
41843;44199.01
41844;44420.38
41845;44386.62
41848;44544.97
41849;44481.29
41850;44311.06
41851;43817.69
41852;43986.11
41855;44594.66
41856;44481.68
41857;44425.77
41858;44116.15
41859;44105.95
41862;44679.16
41863;44734.04
41864;44723.96
41865;44793.02
41866;44629.33
41869;44854.81
41870;44962.88
41871;45248.05
41872;45410.36
41873;45374.99
41876;45504.34
41877;45464.75
41878;45601
41879;45501.28
41880;45628.09
41883;45438.04
41884;45825.06
41885;46049.33
41886;46313.4
41887;46231.44
41890;46357.24
41891;45915.17
41892;45894.05
41893;45672.6
41894;45799.7
41897;45861.84
41899;46043.62
41900;46168.64
41901;45761.9
41904;45302
41905;45015.17
41906;45116.94
41907;44781.12
41908;44884.33
41911;44898.19
41912;44985.66
41913;44364.96
41914;44254.43
41915;44678.14
41918;44820.85
41919;44536.62
41920;44487.97
41921;44082.17
41922;43435.73
41925;43088.67
41926;43179.85
41927;42984.95
41928;42907.62
41929;43273.5
41932;43213.9
41933;43630.58
41934;43450.75
41935;43691.06
41936;43665.54
41939;43810.51
41940;44039.64
41941;44238.94
41942;44599.27
41943;45027.52
41946;45184.76
41947;44884.43
41948;45071.98
41949;44849.86
41950;44614.66
41953;44523
41954;44300.83
41955;43744.57
41956;43743.8
41957;43372.01
41961;43491.45
41962;44118.13
41963;44209.42
41964;44633.28
41967;44621.07
41968;44441.02
41969;44672.2
41970;44689.21
41971;44190.47
41974;43392.07
41975;43008.07
41976;43112.29
41977;42816.15
41978;43230.34
41981;42941.83
41982;42339.63
41983;41372.66
41984;41714.57
41988;40334.59
41989;40225.08
41990;41004.44
41991;42475.67
41992;42529.89
41995;42873.01
41996;43122.73
41997;43002.87
41999;43002.17
42002;43187.64
42003;43018.75
42004;43145.66
42006;42115.47
42009;41099.37
42010;41329.41
42011;41813.93
42012;42402.31
42013;42382.41
42016;41780.78
42017;41478.26
42018;40984.22
42019;40998.77
42020;41402.01
42023;41285.58
42024;41752.67
42025;42488.73
42026;43121.28
42027;42649.72
42030;42737.85
42031;42627.82
42032;42158.07
42033;41862.33
42034;40950.58
42038;41572.24
42039;41710.82
42040;42453.64
42041;42715.43
42044;42810.29
42045;42635.19
42046;41933.26
42047;43045.51
42048;43072.42
42051;42959.56
42052;43251.79
42053;43053.65
42054;43231.42
42055;43551.26
42058;43675.87
42059;43921.55
42060;43802.07
42061;44416.49
42062;44190.17
42065;43882.71
42066;43600.37
42067;43296.55
42068;43517.79
42069;43280.81
42072;43251.4
42073;42972.15
42074;43227.2
42075;44055.89
42076;44002.29
42080;43761.36
42081;44360.87
42082;44118.17
42083;43968.15
42086;43952.71
42087;44051.21
42088;43630.96
42089;43229.16
42090;43637.97
42093;43922.83
42094;43724.78
42095;44202.94
42100;44850.06
42101;44987.87
42102;44980.56
42103;44913.27
42104;44882.01
42107;44994.56
42108;45004.52
42109;45262.94
42110;45480.23
42111;45012.37
42114;45077.81
42115;45296.91
42116;45232.04
42117;45418.83
42118;45773.31
42121;45512.38
42122;45338.36
42123;44942.23
42124;44582.39
42128;45238.47
42129;45091.33
42130;44853.26
42131;44768.8
42132;45125.95
42135;45179.97
42136;44950.49
42137;45038.14
42138;45271.46
42139;45332.8
42142;45408.34
42143;45311.75
42144;45283.47
42145;45097.39
42146;44874.04
42149;44852.29
42150;44401.4
42151;44682.59
42152;44807.31
42153;44703.62
42156;44760.1
42157;44931.48
42158;44732.72
42159;44561.11
42160;44561.94
42163;44544.05
42164;44519.21
42165;44578.28
42166;44624.71
42167;44692.5
42170;44395.76
42171;44722.28
42172;44826.17
42173;45120.79
42174;44973.41
42177;45224.98
42178;45454.15
42179;45424.94
42180;45377.12
42181;45566.33
42184;44710.35
42185;45053.7
42186;44928.52
42187;45175.58
42188;45065.47
42191;44794.01
42192;45017.75
42193;44497.74
42194;44564.32
42195;44915.98
42198;44990.39
42199;45136.69
42200;45107.13
42201;45344.9
42202;45325.38
42205;45567.99
42206;45401.23
42207;44670.42
42208;44836.33
42209;44249.49
42212;43713.72
42213;44222.97
42214;44471.29
42215;44373.31
42216;44752.93
42219;44903.95
42220;45177.98
42221;44937.61
42222;44921.22
42223;44862.14
42226;45320.69
42227;44379.79
42228;44032.38
42229;43870.53
42230;43746.72
42233;43953.48
42234;43872.12
42235;43473.74
42236;43036.59
42237;42163.82
42240;42163.82
42241;42010.89
42242;42323.04
42243;43452.36
42244;43290.86
42247;43721.96
42248;42911.51
42249;42969.93
42250;43283.47
42251;42742.86
42254;42756.26
42255;43083.94
42256;42754.68
42257;42888.51
42258;42780.73
42261;42827.35
42262;43269.62
42264;43790.93
42265;43565.05
42268;43618.14
42269;43232.06
42270;43042.36
42271;42596.56
42272;42435.23
42275;41893.51
42276;42121.51
42277;42632.54
42278;42695.74
42279;42735.15
42282;43566.32
42283;43561.42
42284;43832.03
42285;44076.94
42286;44375.62
42289;44314.25
42290;44318.19
42291;44064.43
42292;44087.59
42293;44364.16
42296;44523.01
42297;44653.86
42298;44426.07
42299;44627.97
42300;45010.24
42303;45036.52
42304;44698.01
42305;44741.68
42306;44634.81
42307;44542.76
42311;45354.59
42312;45373.17
42313;45195.65
42314;45243.85
42317;44479.23
42318;44359.89
42319;44347.91
42320;44120.52
42321;43617.73
42325;44184.65
42326;44505.59
42327;44620.6
42328;44895.02
42331;44779.14
42332;44576.23
42333;44138.75
42334;44374.52
42335;44247.98
42338;43418.55
42339;43984.9
42340;43417.05
42341;43027.3
42342;42994.23
42345;42655.24
42346;42236.74
42347;42398.06
42348;42447.77
42349;42000.63
42352;41901.96
42353;42905.2
42354;43429.72
42355;43503.52
42356;42936.63
42359;43160.61
42360;43328.72
42361;43579.67
42362;43528.27
42366;43396.16
42367;43391.78
42368;43012.37
42369;42977.5
42373;42113.7
42374;42041.68
42375;41691.19
42376;40661.57
42377;40265.37
42380;40706.89
42381;41022.74
42382;41008.78
42383;41352.75
42384;40847.7
42387;40604.79
42388;40809.25
42389;40844.41
42390;41166.88
42391;41621.31
42394;41476.35
42395;41932.39
42396;42109.89
42397;42393.02
42398;43630.77
42402;43092.49
42403;43257.54
42404;43751.93
42405;43229.67
42408;42774.85
42409;42399.19
42410;42535.74
42411;42359.26
42412;42416.44
