Fecha;FIX
35066;7.6958
35067;7.5596
35068;7.57
35069;7.5675
35072;7.5388
35073;7.4779
35074;7.5188
35075;7.5213
35076;7.4679
35079;7.5246
35080;7.5254
35081;7.51
35082;7.4667
35083;7.4296
35086;7.3123
35087;7.3608
35088;7.4215
35089;7.3867
35090;7.4349
35093;7.3908
35094;7.3699
35095;7.4212
35096;7.417
35097;7.4241
35101;7.4821
35102;7.48
35103;7.4863
35104;7.4929
35107;7.5279
35108;7.5688
35109;7.5298
35110;7.5008
35111;7.5446
35114;7.5458
35115;7.5785
35116;7.5381
35117;7.5477
35118;7.5331
35121;7.5571
35122;7.539
35123;7.5573
35124;7.6296
35125;7.5891
35128;7.5747
35129;7.5863
35130;7.5952
35131;7.5713
35132;7.5893
35135;7.6237
35136;7.6045
35137;7.5893
35138;7.5616
35139;7.5762
35142;7.5561
35143;7.5242
35144;7.5432
35146;7.56
35149;7.5484
35150;7.5437
35151;7.5479
35152;7.5526
35153;7.5375
35156;7.5127
35157;7.511
35158;7.5181
35163;7.5725
35164;7.5366
35165;7.495
35166;7.499
35167;7.4995
35170;7.4736
35171;7.4315
35172;7.4276
35173;7.441
35174;7.4053
35177;7.3776
35178;7.4175
35179;7.433
35180;7.3794
35181;7.4042
35184;7.4526
35185;7.4462
35187;7.4692
35188;7.4749
35191;7.5283
35192;7.512
35193;7.4828
35194;7.4762
35195;7.4469
35198;7.4434
35199;7.4075
35200;7.4467
35201;7.4179
35202;7.4019
35205;7.4124
35206;7.394
35207;7.3861
35208;7.3823
35209;7.3988
35212;7.384
35213;7.385
35214;7.4095
35215;7.4367
35216;7.4208
35219;7.4747
35220;7.4313
35221;7.4651
35222;7.5017
35223;7.5278
35226;7.5149
35227;7.6308
35228;7.5743
35229;7.6343
35230;7.5935
35233;7.5843
35234;7.5552
35235;7.5268
35236;7.5506
35237;7.5743
35240;7.6352
35241;7.6077
35242;7.6108
35243;7.6323
35244;7.5814
35247;7.6215
35248;7.5842
35249;7.5925
35250;7.6093
35251;7.6318
35254;7.6688
35255;7.6383
35256;7.6183
35257;7.6429
35258;7.639
35261;7.6453
35262;7.6575
35263;7.6536
35264;7.6453
35265;7.6168
35268;7.6293
35269;7.6078
35270;7.6117
35271;7.5903
35272;7.5959
35275;7.6135
35276;7.5713
35277;7.5893
35278;7.5709
35279;7.5375
35282;7.5504
35283;7.534
35284;7.5119
35285;7.5349
35286;7.5172
35289;7.5106
35290;7.4897
35291;7.4868
35292;7.5077
35293;7.4789
35296;7.4854
35297;7.4778
35298;7.4858
35299;7.4757
35300;7.483
35303;7.502
35304;7.5163
35305;7.493
35306;7.5205
35307;7.5831
35310;7.549
35311;7.5828
35312;7.562
35313;7.5996
35314;7.5768
35317;7.5426
35318;7.5385
35319;7.5562
35320;7.5417
35321;7.5139
35325;7.5055
35326;7.4907
35327;7.5052
35328;7.5379
35331;7.5828
35332;7.5364
35333;7.5317
35334;7.5374
35335;7.5383
35338;7.5519
35339;7.5317
35340;7.5183
35341;7.5302
35342;7.5273
35345;7.5281
35346;7.54
35347;7.5741
35348;7.6109
35349;7.6265
35352;7.6923
35353;7.7472
35354;7.795
35355;7.7726
35356;7.7307
35359;7.7381
35360;7.7625
35361;7.8502
35362;7.8297
35363;7.955
35366;7.8904
35367;7.9172
35368;7.9883
35369;8.0478
35370;7.9653
35373;7.9242
35374;7.892
35375;7.9215
35376;7.9527
35377;7.9005
35380;7.9017
35381;7.9155
35382;7.9215
35383;7.9182
35384;7.902
35387;7.9085
35388;7.8975
35390;7.896
35391;7.87
35394;7.9095
35395;7.875
35396;7.87
35397;7.8858
35398;7.893
35401;7.8928
35402;7.8787
35403;7.8626
35404;7.8885
35405;7.926
35408;7.9032
35409;7.8723
35410;7.8723
35412;7.9017
35415;7.9272
35416;7.8771
35417;7.881
35418;7.8674
35419;7.8427
35422;7.8344
35423;7.8325
35425;7.8442
35426;7.8509
35429;7.8557
35430;7.8703
35432;7.9027
35433;7.8664
35436;7.8508
35437;7.8375
35438;7.8174
35439;7.8208
35440;7.8607
35443;7.8125
35444;7.8005
35445;7.8085
35446;7.8222
35447;7.8275
35450;7.8082
35451;7.8033
35452;7.7946
35453;7.7913
35454;7.8205
35457;7.8312
35458;7.8152
35459;7.8393
35460;7.8409
35461;7.8217
35464;7.8183
35465;7.8322
35467;7.8282
35468;7.8048
35471;7.7988
35472;7.7927
35473;7.7968
35474;7.7898
35475;7.778
35478;7.7692
35479;7.801
35480;7.7887
35481;7.746
35482;7.7617
35485;7.7502
35486;7.7556
35487;7.7844
35488;7.8358
35489;7.974
35492;8.0117
35493;7.9737
35494;8.0438
35495;8.0092
35496;8.0152
35499;7.959
35500;7.978
35501;7.9611
35502;7.9987
35503;7.9789
35506;7.992
35507;7.9492
35508;7.9233
35509;7.9407
35513;7.8958
35514;7.8905
35515;7.9126
35520;7.9313
35521;7.9117
35522;7.9248
35523;7.972
35524;7.9592
35527;7.9061
35528;7.8851
35529;7.8913
35530;7.9153
35531;7.9222
35534;7.9064
35535;7.8877
35536;7.8978
35537;7.8852
35538;7.8738
35541;7.8773
35542;7.8703
35543;7.8783
35544;7.8545
35545;7.8917
35548;7.9267
35549;7.9743
35550;7.9519
35552;7.9113
35556;7.8781
35557;7.9203
35558;7.9253
35559;7.9028
35562;7.9243
35563;7.9065
35564;7.8925
35565;7.9031
35566;7.8942
35569;7.8934
35570;7.8878
35571;7.8655
35572;7.8689
35573;7.8731
35576;7.9059
35577;7.9263
35578;7.9085
35579;7.9082
35580;7.9167
35583;7.9183
35584;7.9118
35585;7.9283
35586;7.9482
35587;7.987
35590;7.9878
35591;7.9689
35592;7.9753
35593;7.9633
35594;7.9581
35597;7.9537
35598;7.9424
35599;7.9098
35600;7.9168
35601;7.9582
35604;7.977
35605;7.9413
35606;7.9483
35607;7.9577
35608;7.9517
35611;7.9504
35612;7.9298
35613;7.9395
35614;7.9497
35615;7.966
35618;7.9072
35619;7.9147
35620;7.8953
35621;7.8913
35622;7.8526
35625;7.8693
35626;7.8861
35627;7.9282
35628;7.8557
35629;7.9097
35632;7.8868
35633;7.8571
35634;7.8373
35635;7.8313
35636;7.7717
35639;7.7808
35640;7.8088
35641;7.7658
35642;7.8248
35643;7.8244
35646;7.831
35647;7.8051
35648;7.7806
35649;7.7895
35650;7.8263
35653;7.8059
35654;7.782
35655;7.7828
35656;7.766
35657;7.7646
35660;7.7757
35661;7.7575
35662;7.7615
35663;7.7597
35664;7.7905
35667;7.7583
35668;7.7637
35669;7.7548
35670;7.7746
35671;7.7853
35675;7.777
35676;7.7687
35677;7.7882
35678;7.807
35681;7.784
35682;7.7791
35683;7.7769
35684;7.7847
35685;7.7794
35688;7.7677
35690;7.7546
35691;7.756
35692;7.7558
35695;7.7245
35696;7.7681
35697;7.8243
35698;7.8072
35699;7.8199
35702;7.8158
35703;7.7707
35704;7.7536
35705;7.753
35706;7.7562
35709;7.7601
35710;7.7497
35711;7.7603
35712;7.77
35713;7.7592
35716;7.7483
35717;7.7427
35718;7.7403
35719;7.7336
35720;7.7484
35723;7.727
35724;7.7196
35725;7.7229
35726;7.763
35727;7.8272
35730;8.14
35731;8.2967
35732;8.1033
35733;8.3433
35734;8.3683
35737;8.2367
35738;8.2535
35739;8.1659
35740;8.365
35741;8.3767
35744;8.2627
35745;8.31
35746;8.3583
35747;8.38
35748;8.3275
35751;8.2425
35752;8.2642
35753;8.2883
35755;8.1773
35758;8.2352
35759;8.2358
35760;8.2
35761;8.2165
35762;8.2135
35765;8.181
35766;8.1538
35767;8.1306
35768;8.1057
35769;8.144
35772;8.1105
35773;8.1148
35774;8.1394
35775;8.1998
35779;8.1376
35780;8.0916
35781;8.0787
35782;8.074
35783;8.1318
35786;8.1156
35787;8.1268
35788;8.1648
35790;8.143
35793;8.0833
35794;8.064
35795;8.0681
35797;8.0585
35800;8.0423
35801;8.0422
35802;8.0598
35803;8.0775
35804;8.0857
35807;8.2775
35808;8.1628
35809;8.1662
35810;8.2762
35811;8.1978
35814;8.1803
35815;8.2145
35816;8.2682
35817;8.332
35818;8.2939
35821;8.281
35822;8.2662
35823;8.3603
35824;8.464
35825;8.4643
35828;8.4367
35829;8.4323
35830;8.4135
35832;8.4222
35835;8.4529
35836;8.485
35837;8.4522
35838;8.4495
35839;8.4652
35842;8.4629
35843;8.4578
35844;8.5427
35845;8.5449
35846;8.5892
35849;8.6379
35850;8.614
35851;8.5832
35852;8.5583
35853;8.5253
35856;8.4957
35857;8.5347
35858;8.5825
35859;8.6202
35860;8.5978
35863;8.6273
35864;8.6273
35865;8.669
35866;8.5673
35867;8.5595
35870;8.5927
35871;8.6048
35872;8.5641
35873;8.5638
35874;8.5784
35877;8.5368
35878;8.541
35879;8.5282
35880;8.5252
35881;8.5165
35884;8.5353
35885;8.5192
35886;8.5096
35887;8.5214
35888;8.541
35891;8.52
35892;8.5274
35893;8.5106
35898;8.513
35899;8.4928
35900;8.4716
35901;8.5009
35902;8.4945
35905;8.4728
35906;8.455
35907;8.4616
35908;8.4703
35909;8.4747
35912;8.519
35913;8.4818
35914;8.5029
35915;8.4898
35919;8.477
35921;8.4793
35922;8.5007
35923;8.4834
35926;8.4673
35927;8.4965
35928;8.5198
35929;8.5069
35930;8.5147
35933;8.5303
35934;8.5849
35935;8.6212
35936;8.6223
35937;8.6402
35940;8.6378
35941;8.7081
35942;8.8802
35943;8.7873
35944;8.8164
35947;8.8983
35948;8.8818
35949;8.7958
35950;8.7803
35951;8.7619
35954;8.8252
35955;8.836
35956;8.8808
35957;8.9609
35958;9.0463
35961;9.0375
35962;8.9815
35963;8.8803
35964;8.8967
35965;8.8929
35968;8.9123
35969;8.8927
35970;8.9252
35971;8.9537
35972;9.0407
35975;9.0228
35976;8.9852
35977;8.9375
35978;8.9863
35979;8.9497
35982;8.9694
35983;8.9558
35984;8.9242
35985;8.9432
35986;8.9535
35989;8.9025
35990;8.8548
35991;8.8535
35992;8.8393
35993;8.8218
35996;8.7896
35997;8.8033
35998;8.8721
35999;8.8647
36000;8.867
36003;8.893
36004;8.8861
36005;8.9178
36006;8.9008
36007;8.9215
36010;8.9545
36011;8.9648
36012;9.0062
36013;9.0255
36014;9.0187
36017;9.1253
36018;9.2016
36019;9.1762
36020;9.2325
36021;9.1812
36024;9.3018
36025;9.2302
36026;9.1873
36027;9.3134
36028;9.69
36031;9.6458
36032;9.6001
36033;9.815
36034;9.96
36035;10.0275
36038;9.9717
36040;9.9458
36041;10.1072
36042;10.1618
36045;10.1967
36046;10.2742
36047;10.3499
36048;10.5325
36049;10.5792
36052;10.5233
36053;10.2058
36055;10.3158
36056;10.1383
36059;10.305
36060;10.0962
36061;10.1159
36062;10.1117
36063;10.2438
36066;10.1062
36067;10.1119
36068;10.1933
36069;10.3137
36070;10.3137
36073;10.218
36074;10.1729
36075;10.1835
36076;10.3549
36077;10.2157
36080;10.1555
36081;10.1863
36082;10.18
36083;10.1312
36084;10.0933
36087;10.0863
36088;10.042
36089;10.0338
36090;9.993
36091;10.0353
36094;10.0293
36095;10.149
36096;10.1575
36097;10.2198
36098;10.1137
36102;10.0312
36103;9.9365
36104;9.9886
36105;9.9717
36108;10.0015
36109;10.0256
36110;10.006
36111;10.0563
36112;9.9965
36115;9.9765
36116;9.944
36117;9.9305
36118;9.9203
36122;9.8772
36123;9.9145
36124;9.9107
36125;9.9404
36126;9.9676
36129;9.9995
36130;10.0318
36131;9.9682
36132;9.9876
36133;9.9897
36136;9.9993
36137;9.9423
36138;9.9517
36139;9.95
36140;9.9482
36143;9.9491
36144;9.9498
36145;9.8828
36146;9.7863
36147;9.7972
36150;9.7568
36151;9.8028
36152;9.8104
36153;9.8822
36157;9.8382
36158;9.865
36159;9.9395
36160;9.8963
36164;9.8376
36165;9.7921
36166;9.7755
36167;9.8527
36168;9.8091
36171;9.9394
36172;10.0848
36173;10.6
36174;10.5383
36175;10.3485
36178;10.2258
36179;10.2783
36180;10.178
36181;10.2874
36182;10.2017
36185;10.2242
36186;10.2252
36187;10.1745
36188;10.1752
36189;10.1543
36192;10.0986
36193;10.0823
36194;10.1138
36195;10.1217
36199;10.0821
36200;10.0764
36201;10.0606
36202;9.9793
36203;9.9486
36206;9.9315
36207;9.919
36208;9.9043
36209;9.8809
36210;9.9333
36213;9.9315
36214;9.9565
36215;9.9357
36216;9.9836
36217;9.9441
36220;9.9072
36221;9.9528
36222;9.9641
36223;9.9334
36224;9.8732
36227;9.8434
36228;9.7927
36229;9.8012
36230;9.748
36231;9.7527
36234;9.7053
36235;9.6587
36236;9.6888
36237;9.6462
36238;9.6675
36241;9.7116
36242;9.6723
36243;9.6917
36244;9.6454
36245;9.5954
36248;9.5158
36249;9.5376
36250;9.5218
36255;9.4818
36256;9.4846
36257;9.4968
36258;9.4771
36259;9.5728
36262;9.5569
36263;9.5058
36264;9.5085
36265;9.543
36266;9.5237
36269;9.3831
36270;9.4077
36271;9.3643
36272;9.3317
36273;9.3005
36276;9.3084
36277;9.3285
36278;9.2871
36279;9.2622
36280;9.2447
36283;9.2689
36284;9.2749
36286;9.333
36287;9.348
36290;9.2992
36291;9.2533
36292;9.3247
36293;9.2698
36294;9.3591
36297;9.3663
36298;9.2983
36299;9.3086
36300;9.3242
36301;9.3589
36304;9.3845
36305;9.5468
36306;9.6715
36307;9.7498
36308;9.7833
36311;9.6872
36312;9.8156
36313;9.7653
36314;9.6545
36315;9.6272
36318;9.5045
36319;9.4879
36320;9.5817
36321;9.5985
36322;9.5452
36325;9.5767
36326;9.5018
36327;9.4585
36328;9.4038
36329;9.355
36332;9.3781
36333;9.3717
36334;9.4038
36335;9.459
36336;9.4717
36339;9.4875
36340;9.4165
36341;9.4409
36342;9.3773
36343;9.3513
36346;9.3167
36347;9.3314
36348;9.3637
36349;9.3303
36350;9.3523
36353;9.4358
36354;9.459
36355;9.3388
36356;9.3343
36357;9.3563
36360;9.3008
36361;9.3013
36362;9.3348
36363;9.3746
36364;9.3856
36367;9.4235
36368;9.368
36369;9.3827
36370;9.426
36371;9.401
36374;9.4058
36375;9.4552
36376;9.4364
36377;9.5097
36378;9.4962
36381;9.4874
36382;9.5063
36383;9.415
36384;9.3533
36385;9.3883
36388;9.3568
36389;9.3332
36390;9.3218
36391;9.3745
36392;9.3868
36395;9.3435
36396;9.331
36397;9.3081
36398;9.3394
36399;9.3819
36402;9.4095
36403;9.385
36405;9.3739
36406;9.3382
36409;9.3462
36410;9.3497
36411;9.3578
36412;9.3471
36413;9.3174
36416;9.3192
36417;9.3323
36418;9.3092
36420;9.3712
36423;9.3223
36424;9.3044
36425;9.2858
36426;9.3055
36427;9.3565
36430;9.3158
36431;9.3582
36432;9.3565
36433;9.3483
36434;9.4063
36437;9.4531
36438;9.4758
36439;9.4323
36440;9.4598
36441;9.4682
36444;9.4507
36445;9.4675
36446;9.519
36447;9.6308
36448;9.7114
36451;9.7143
36452;9.6713
36453;9.6114
36454;9.6482
36455;9.603
36458;9.6374
36459;9.6299
36460;9.6504
36461;9.6357
36462;9.625
36465;9.6208
36467;9.5552
36468;9.4712
36469;9.4518
36472;9.4571
36473;9.4158
36474;9.4126
36475;9.3857
36476;9.3787
36479;9.3685
36480;9.4018
36481;9.3549
36482;9.346
36483;9.3288
36486;9.319
36487;9.3324
36488;9.3195
36489;9.2945
36490;9.355
36493;9.3737
36494;9.432
36495;9.4683
36496;9.5326
36497;9.4942
36500;9.4562
36501;9.4416
36502;9.4755
36503;9.4288
36504;9.4143
36507;9.4143
36508;9.411
36509;9.379
36510;9.3578
36511;9.3298
36514;9.3338
36515;9.3142
36516;9.3095
36517;9.3695
36518;9.4188
36521;9.4632
36522;9.5143
36523;9.5222
36524;9.4986
36528;9.3949
36529;9.4564
36530;9.5455
36531;9.5705
36532;9.515
36535;9.4464
36536;9.478
36537;9.5352
36538;9.5057
36539;9.4483
36542;9.4172
36543;9.4383
36544;9.4086
36545;9.4038
36546;9.4463
36549;9.4838
36550;9.5288
36551;9.5103
36552;9.5123
36553;9.5727
36556;9.6253
36557;9.5956
36558;9.5724
36559;9.5011
36560;9.4803
36563;9.4327
36564;9.4018
36565;9.3998
36566;9.4348
36567;9.4212
36570;9.3988
36571;9.388
36572;9.371
36573;9.3905
36574;9.3592
36577;9.4108
36578;9.4395
36579;9.4067
36580;9.3798
36581;9.3748
36584;9.4033
36585;9.3662
36586;9.3633
36587;9.3382
36588;9.3115
36591;9.3215
36592;9.3009
36593;9.2662
36594;9.2837
36595;9.3125
36598;9.3338
36599;9.3127
36600;9.3436
36601;9.3224
36602;9.3255
36605;9.3185
36607;9.2765
36608;9.2398
36609;9.1712
36612;9.1775
36613;9.1883
36614;9.2331
36615;9.3015
36616;9.2845
36619;9.2761
36620;9.2878
36621;9.3835
36622;9.3535
36623;9.3218
36626;9.2868
36627;9.3918
36628;9.3965
36629;9.3988
36630;9.4842
36633;9.4882
36634;9.4388
36635;9.3939
36640;9.4443
36641;9.4078
36642;9.4073
36643;9.4521
36644;9.4127
36648;9.3374
36649;9.3848
36650;9.3928
36654;9.4918
36655;9.4855
36656;9.5702
36657;9.5768
36658;9.5661
36661;9.582
36662;9.5088
36663;9.5451
36664;9.5751
36665;9.615
36668;9.5778
36669;9.509
36670;9.5328
36671;9.494
36672;9.5274
36675;9.5326
36676;9.516
36677;9.511
36678;9.4988
36679;9.5461
36682;9.5442
36683;9.657
36684;9.7942
36685;9.8519
36686;9.9263
36689;9.8546
36690;9.7645
36691;9.7879
36692;9.8478
36693;9.9243
36696;9.9031
36697;9.8644
36698;9.8568
36699;9.8707
36700;9.9805
36703;10.0197
36704;10.0787
36705;9.9538
36706;9.9003
36707;9.8243
36710;9.5461
36711;9.4876
36712;9.5384
36713;9.546
36714;9.5195
36717;9.5023
36718;9.428
36719;9.4748
36720;9.4368
36721;9.4152
36724;9.3491
36725;9.3327
36726;9.4118
36727;9.3608
36728;9.3485
36731;9.3337
36732;9.3657
36733;9.3627
36734;9.361
36735;9.3578
36738;9.3667
36739;9.3428
36740;9.3462
36741;9.3881
36742;9.3574
36745;9.3353
36746;9.3353
36747;9.326
36748;9.3198
36749;9.2918
36752;9.2516
36753;9.2504
36754;9.1923
36755;9.1873
36756;9.2293
36759;9.2563
36760;9.2322
36761;9.2773
36762;9.2268
36763;9.2342
36766;9.2093
36767;9.2317
36768;9.2108
36769;9.1995
36770;9.2014
36773;9.2231
36774;9.2612
36775;9.3115
36776;9.3141
36777;9.3243
36780;9.2814
36781;9.2542
36782;9.286
36783;9.3125
36784;9.3517
36787;9.4172
36788;9.425
36789;9.4483
36790;9.4347
36791;9.479
36794;9.4218
36795;9.4032
36796;9.4088
36797;9.429
36798;9.4459
36801;9.4142
36802;9.4014
36803;9.4292
36804;9.4515
36805;9.46
36808;9.4753
36809;9.4632
36810;9.479
36811;9.5193
36812;9.5879
36815;9.5351
36816;9.5443
36817;9.5765
36818;9.5333
36819;9.5605
36822;9.5736
36823;9.5757
36824;9.6242
36825;9.6777
36826;9.6443
36829;9.5995
36830;9.5642
36831;9.5824
36833;9.599
36836;9.6438
36837;9.6544
36838;9.6166
36839;9.6533
36840;9.6008
36843;9.558
36844;9.4963
36845;9.4625
36846;9.4828
36847;9.4828
36851;9.4098
36852;9.379
36853;9.4057
36854;9.393
36857;9.3692
36858;9.4058
36859;9.3973
36860;9.4155
36864;9.4132
36865;9.3737
36866;9.402
36867;9.4263
36868;9.3984
36871;9.4418
36873;9.4497
36874;9.4127
36875;9.4079
36878;9.3788
36879;9.379
36880;9.4348
36881;9.5727
36882;9.598
36886;9.5201
36887;9.5722
36888;9.5997
36889;9.6098
36893;9.714
36894;9.834
36895;9.708
36896;9.7546
36899;9.69
36900;9.7417
36901;9.8167
36902;9.8548
36903;9.8798
36906;9.9018
36907;9.9778
36908;9.8878
36909;9.887
36910;9.7953
36913;9.7863
36914;9.7683
36915;9.6923
36916;9.683
36917;9.6909
36920;9.6687
36921;9.6692
36922;9.6828
36923;9.7328
36924;9.756
36928;9.6998
36929;9.6945
36930;9.6464
36931;9.7238
36934;9.7389
36935;9.7065
36936;9.7219
36937;9.6763
36938;9.7022
36941;9.7044
36942;9.6797
36943;9.709
36944;9.7278
36945;9.7183
36948;9.6618
36949;9.6827
36950;9.7025
36951;9.7052
36952;9.6688
36955;9.637
36956;9.6409
36957;9.6542
36958;9.6468
36959;9.6703
36962;9.6625
36963;9.632
36964;9.576
36965;9.5843
36966;9.6233
36969;9.5683
36970;9.5188
36972;9.5722
36973;9.654
36976;9.5315
36977;9.5139
36978;9.538
36979;9.5203
36980;9.4933
36983;9.4152
36984;9.3914
36985;9.4201
36986;9.414
36987;9.4059
36990;9.3587
36991;9.3093
36992;9.2908
36997;9.323
36998;9.2723
36999;9.1966
37000;9.2748
37001;9.3525
37004;9.37
37005;9.2768
37006;9.3123
37007;9.2671
37008;9.3049
37011;9.2537
37013;9.283
37014;9.2873
37015;9.2579
37018;9.2212
37019;9.2048
37020;9.216
37021;9.1967
37022;9.225
37025;9.1922
37026;9.161
37027;9.1645
37028;8.9952
37029;8.9774
37032;8.9428
37033;8.966
37034;9.0398
37035;9.0805
37036;9.0945
37039;9.0781
37040;9.0851
37041;9.1653
37042;9.1835
37043;9.1735
37046;9.1369
37047;9.1722
37048;9.1208
37049;9.1235
37050;9.068
37053;9.029
37054;9.094
37055;9.118
37056;9.0523
37057;9.0522
37060;9.0502
37061;9.0792
37062;9.0798
37063;9.057
37064;9.073
37067;9.0595
37068;9.0606
37069;9.0608
37070;9.09
37071;9.0708
37074;9.0221
37075;9.0258
37076;9.0707
37077;9.0312
37078;9.1503
37081;9.1193
37082;9.1476
37083;9.2953
37084;9.342
37085;9.3542
37088;9.2918
37089;9.1855
37090;9.1283
37091;9.2
37092;9.1796
37095;9.1107
37096;9.1087
37097;9.1599
37098;9.157
37099;9.192
37102;9.1472
37103;9.1408
37104;9.2111
37105;9.1698
37106;9.1638
37109;9.1292
37110;9.12
37111;9.0958
37112;9.0897
37113;9.1247
37116;9.0863
37117;9.1206
37118;9.094
37119;9.0833
37120;9.1155
37123;9.1383
37124;9.1227
37125;9.1158
37126;9.1205
37127;9.1444
37130;9.1123
37131;9.1365
37132;9.1438
37133;9.1692
37134;9.2
37137;9.1936
37138;9.1957
37139;9.2587
37140;9.2898
37141;9.3242
37144;9.3716
37145;9.5475
37146;9.4447
37147;9.4748
37148;9.4942
37151;9.4478
37152;9.4455
37153;9.4185
37154;9.4802
37155;9.4848
37158;9.4315
37159;9.4842
37160;9.5258
37161;9.5542
37162;9.5098
37165;9.5037
37166;9.5217
37167;9.5273
37168;9.5243
37169;9.5808
37172;9.5666
37173;9.5163
37174;9.4053
37175;9.3397
37176;9.3538
37179;9.2753
37180;9.235
37181;9.234
37182;9.231
37183;9.1971
37186;9.1977
37187;9.2243
37188;9.2173
37189;9.2469
37190;9.2722
37193;9.2421
37194;9.2682
37195;9.2542
37196;9.2892
37197;9.2783
37200;9.2221
37201;9.2132
37202;9.2088
37203;9.2115
37204;9.2318
37207;9.2708
37208;9.2519
37209;9.2362
37210;9.2028
37211;9.2121
37214;9.1968
37216;9.1409
37217;9.1547
37218;9.1476
37221;9.1647
37222;9.2372
37223;9.2762
37224;9.2815
37225;9.2681
37228;9.205
37229;9.2197
37230;9.2165
37231;9.2401
37232;9.2124
37235;9.1865
37236;9.1819
37238;9.1204
37239;9.0798
37242;9.1198
37243;9.1052
37244;9.1175
37245;9.1682
37246;9.1235
37249;9.0923
37251;9.0957
37252;9.1423
37253;9.1692
37256;9.1695
37258;9.1037
37259;9.1142
37260;9.1368
37263;9.1554
37264;9.1678
37265;9.2044
37266;9.2444
37267;9.2734
37270;9.1923
37271;9.1711
37272;9.1993
37273;9.1255
37274;9.119
37277;9.1219
37278;9.1521
37279;9.148
37280;9.1227
37281;9.1295
37284;9.1585
37285;9.1714
37286;9.1974
37287;9.1463
37288;9.1544
37291;9.1627
37293;9.1294
37294;9.1381
37295;9.1465
37298;9.0787
37299;9.0896
37300;9.0607
37301;9.0838
37302;9.0652
37305;9.0638
37306;9.069
37307;9.0858
37308;9.0757
37309;9.1061
37312;9.0831
37313;9.0815
37314;9.0919
37315;9.1303
37316;9.0957
37319;9.0723
37320;9.077
37321;9.0797
37322;9.0753
37323;9.0728
37326;9.0703
37327;9.0753
37328;9.1153
37329;9.1182
37330;9.0929
37333;9.0733
37334;9.0742
37335;9.0707
37337;9.0403
37340;9.0298
37341;9.0243
37342;9.016
37347;9.0049
37348;8.998
37349;9.0398
37350;9.0468
37351;9.0266
37354;9.0217
37355;9.0422
37356;9.0446
37357;9.0771
37358;9.0749
37361;9.1714
37362;9.1597
37363;9.1904
37364;9.2345
37365;9.2247
37368;9.2663
37369;9.2698
37370;9.2908
37371;9.3528
37372;9.3196
37375;9.3542
37376;9.372
37378;9.417
37379;9.4978
37382;9.4913
37383;9.4828
37384;9.417
37385;9.4463
37386;9.5102
37389;9.4933
37390;9.5204
37391;9.4717
37392;9.4863
37393;9.471
37396;9.491
37397;9.5133
37398;9.5245
37399;9.5165
37400;9.5585
37403;9.57
37404;9.5586
37405;9.6134
37406;9.7148
37407;9.6562
37410;9.6398
37411;9.706
37412;9.7345
37413;9.776
37414;9.7412
37417;9.6993
37418;9.6607
37419;9.7035
37420;9.6532
37421;9.6684
37424;9.6078
37425;9.6258
37426;9.6983
37427;9.7676
37428;9.9473
37431;9.936
37432;9.8203
37433;9.9998
37434;9.9615
37435;9.9568
37438;9.9283
37439;9.9612
37440;9.967
37441;9.9502
37442;9.9034
37445;9.9223
37446;9.8552
37447;9.8338
37448;9.7979
37449;9.7072
37452;9.7522
37453;9.7345
37454;9.6468
37455;9.6462
37456;9.7053
37459;9.6285
37460;9.613
37461;9.7018
37462;9.7158
37463;9.7652
37466;9.6944
37467;9.741
37468;9.7861
37469;9.8769
37470;9.8412
37473;9.7928
37474;9.7473
37475;9.7348
37476;9.7335
37477;9.764
37480;9.8402
37481;9.9512
37482;9.9668
37483;9.9292
37484;9.8643
37487;9.7747
37488;9.7713
37489;9.7854
37490;9.8388
37491;9.8488
37494;9.8267
37495;9.8543
37496;9.899
37497;9.9193
37498;9.9109
37501;9.9187
37502;9.9789
37503;10.0154
37504;10.0086
37505;9.9621
37508;9.9605
37509;9.9511
37510;9.9654
37511;10.0023
37512;9.9674
37516;9.9658
37517;10.0116
37518;10.0628
37519;10.2265
37522;10.3578
37523;10.2425
37524;10.2565
37525;10.1667
37526;10.1767
37529;10.2299
37530;10.1573
37531;10.1248
37532;10.1398
37533;10.184
37536;10.2154
37537;10.1575
37538;10.2048
37539;10.2195
37540;10.1592
37543;10.1084
37544;10.0683
37545;10.0757
37546;9.9988
37547;9.9842
37550;9.9383
37551;9.9723
37552;10.0079
37553;9.9468
37554;9.9816
37557;10.0003
37558;10.1593
37559;10.2263
37560;10.1552
37561;10.1992
37564;10.182
37565;10.2099
37566;10.1698
37567;10.2428
37568;10.2953
37571;10.3334
37572;10.3447
37573;10.2787
37574;10.2092
37575;10.2484
37578;10.176
37579;10.1635
37581;10.0874
37582;10.1333
37585;10.1065
37586;10.1535
37587;10.1496
37588;10.1193
37589;10.1465
37592;10.1036
37593;10.1421
37594;10.2287
37595;10.2452
37596;10.2724
37599;10.1852
37600;10.1744
37601;10.1785
37603;10.185
37606;10.1966
37607;10.2053
37608;10.2526
37609;10.192
37610;10.1836
37613;10.1907
37614;10.2014
37616;10.2479
37617;10.3125
37620;10.3613
37621;10.4393
37623;10.3626
37624;10.3856
37627;10.4195
37628;10.328
37629;10.3617
37630;10.4112
37631;10.4672
37634;10.5368
37635;10.5274
37636;10.4875
37637;10.5083
37638;10.59
37641;10.6222
37642;10.6866
37643;10.8263
37644;10.7708
37645;10.8267
37648;10.8875
37649;10.8842
37650;10.9863
37651;10.8636
37652;10.9069
37655;10.8833
37656;10.9822
37658;10.8731
37659;10.8979
37662;10.9948
37663;10.94
37664;10.9832
37665;10.9723
37666;10.8823
37669;10.7667
37670;10.7722
37671;10.84
37672;10.8998
37673;10.9798
37676;10.9815
37677;11.0584
37678;11.0329
37679;11.0333
37680;11.0324
37683;10.9902
37684;11.1367
37685;11.1927
37686;11.225
37687;11.1064
37690;11.0998
37691;11.0052
37692;10.9073
37693;10.8173
37694;10.8481
37697;10.8713
37698;10.8147
37699;10.8633
37700;10.8734
37704;10.8008
37705;10.72
37706;10.7498
37707;10.7671
37708;10.6698
37711;10.7889
37712;10.7362
37713;10.6676
37714;10.6619
37715;10.6823
37718;10.6896
37719;10.7398
37720;10.7541
37721;10.7651
37722;10.702
37725;10.6102
37726;10.6398
37727;10.6225
37732;10.5545
37733;10.5525
37734;10.5147
37735;10.4348
37736;10.4318
37739;10.4304
37740;10.345
37741;10.3
37743;10.2003
37746;10.1817
37747;10.2678
37748;10.2115
37749;10.17
37750;10.1068
37753;10.1773
37754;10.1605
37755;10.1428
37756;10.2927
37757;10.376
37760;10.3498
37761;10.2663
37762;10.253
37763;10.2383
37764;10.2473
37767;10.2519
37768;10.3166
37769;10.4063
37770;10.3205
37771;10.3377
37774;10.2402
37775;10.2598
37776;10.3882
37777;10.5598
37778;10.5608
37781;10.7431
37782;10.7145
37783;10.6119
37784;10.5775
37785;10.5946
37788;10.4983
37789;10.5014
37790;10.5883
37791;10.4858
37792;10.4669
37795;10.4796
37796;10.5188
37797;10.4734
37798;10.4808
37799;10.4176
37802;10.437
37803;10.4495
37804;10.4779
37805;10.447
37806;10.4087
37809;10.3946
37810;10.543
37811;10.4795
37812;10.4482
37813;10.4213
37816;10.3821
37817;10.4308
37818;10.4079
37819;10.349
37820;10.36
37823;10.4105
37824;10.4362
37825;10.516
37826;10.5203
37827;10.5095
37830;10.4645
37831;10.4878
37832;10.487
37833;10.5243
37834;10.5997
37837;10.5864
37838;10.7117
37839;10.7058
37840;10.7001
37841;10.6623
37844;10.6909
37845;10.7448
37846;10.7562
37847;10.6961
37848;10.7273
37851;10.723
37852;10.8007
37853;10.8379
37854;10.8507
37855;10.8615
37858;10.8753
37859;10.9118
37860;10.9337
37861;10.9806
37862;11.0475
37865;11.046
37866;11.0313
37867;10.9386
37868;10.8575
37869;10.862
37872;10.9185
37873;11.0233
37874;10.9502
37875;10.9737
37876;10.9793
37879;10.9713
37881;10.9054
37882;10.9163
37883;10.8955
37886;10.8275
37887;10.7741
37888;10.7975
37889;10.8115
37890;10.9272
37893;11.0446
37894;11.0133
37895;10.9614
37896;11.1603
37897;11.2473
37900;11.2193
37901;11.2923
37902;11.249
37903;11.2356
37904;11.1946
37907;11.1853
37908;11.2347
37909;11.1785
37910;11.2472
37911;11.2802
37914;11.1748
37915;11.1397
37916;11.2178
37917;11.181
37918;11.1784
37921;11.1068
37922;11.0693
37923;11.1078
37924;11.1058
37925;11.0525
37928;10.9881
37929;10.9998
37930;10.9829
37931;10.9903
37932;10.9688
37935;11.0097
37936;10.9582
37937;11.0582
37938;11.1757
37939;11.1442
37942;11.1823
37943;11.1643
37944;11.2094
37946;11.2058
37949;11.2879
37950;11.3398
37951;11.3522
37952;11.3385
37953;11.3985
37956;11.3783
37957;11.3535
37958;11.2496
37959;11.2224
37960;11.1959
37963;11.2391
37964;11.1635
37965;11.2145
37966;11.1877
37970;11.2728
37971;11.3061
37972;11.2676
37973;11.2193
37974;11.2295
37977;11.2855
37978;11.2696
37979;11.2744
37981;11.218
37984;11.236
37985;11.1998
37986;11.2372
37988;11.0885
37991;10.9805
37992;10.9686
37993;10.9044
37994;10.8847
37995;10.8376
37998;10.818
37999;10.8369
38000;10.8231
38001;10.8514
38002;10.8172
38005;10.8264
38006;10.847
38007;10.9521
38008;11.0012
38009;10.962
38012;10.9178
38013;10.8789
38014;10.9145
38015;11.0843
38016;11.0214
38019;10.9545
38020;11.082
38021;11.0608
38023;11.1305
38026;11.1039
38027;11.1069
38028;10.9866
38029;10.9626
38030;10.9627
38033;10.9434
38034;10.9337
38035;10.9058
38036;10.9688
38037;10.9423
38040;10.9437
38041;11.0558
38042;11.0932
38043;11.0715
38044;11.0606
38047;10.9794
38048;10.9623
38049;11.0301
38050;10.9955
38051;10.9393
38054;10.9329
38055;10.9695
38056;10.9368
38057;10.9633
38058;10.9638
38061;10.9621
38062;11.039
38063;10.9988
38064;11.0128
38065;10.9863
38068;10.9737
38069;10.9695
38070;10.9915
38071;11.013
38072;11.0578
38075;11.154
38076;11.2103
38077;11.1748
38078;11.1828
38079;11.1815
38082;11.1598
38083;11.1631
38084;11.2233
38089;11.2211
38090;11.2702
38091;11.2848
38092;11.27
38093;11.2525
38096;11.251
38097;11.3065
38098;11.3119
38099;11.3256
38100;11.3433
38103;11.2881
38104;11.3109
38105;11.3387
38106;11.4068
38107;11.4093
38110;11.431
38111;11.4105
38112;11.3887
38113;11.4358
38114;11.5272
38117;11.6328
38118;11.6325
38119;11.6246
38120;11.6281
38121;11.5713
38124;11.5282
38125;11.4933
38126;11.5448
38127;11.5735
38128;11.5673
38131;11.5608
38132;11.476
38133;11.4556
38134;11.4515
38135;11.4128
38138;11.4147
38139;11.4845
38140;11.4265
38141;11.4373
38142;11.4224
38145;11.3498
38146;11.3397
38147;11.3808
38148;11.366
38149;11.3689
38152;11.4327
38153;11.4259
38154;11.3991
38155;11.3523
38156;11.3312
38159;11.3143
38160;11.3077
38161;11.3425
38162;11.3004
38163;11.3175
38166;11.4116
38167;11.5297
38168;11.5258
38169;11.4922
38170;11.4763
38173;11.4432
38174;11.4948
38175;11.467
38176;11.5315
38177;11.5152
38180;11.5009
38181;11.4949
38182;11.4552
38183;11.4909
38184;11.4352
38187;11.3785
38188;11.3954
38189;11.46
38190;11.4463
38191;11.434
38194;11.4582
38195;11.5111
38196;11.4801
38197;11.4302
38198;11.4079
38201;11.4253
38202;11.4052
38203;11.4527
38204;11.457
38205;11.4124
38208;11.3776
38209;11.3943
38210;11.4436
38211;11.4414
38212;11.4048
38215;11.3848
38216;11.3481
38217;11.3472
38218;11.355
38219;11.3453
38222;11.3764
38223;11.3859
38224;11.3712
38225;11.366
38226;11.3739
38229;11.4231
38230;11.3807
38231;11.4145
38232;11.4725
38233;11.5279
38236;11.5193
38237;11.5689
38238;11.5895
38239;11.5717
38240;11.6005
38243;11.576
38244;11.5851
38245;11.5333
38247;11.4774
38250;11.4557
38251;11.4294
38252;11.4012
38253;11.418
38254;11.4107
38257;11.4348
38258;11.4106
38259;11.4288
38260;11.3884
38261;11.3503
38264;11.3502
38265;11.3149
38266;11.2745
38267;11.2874
38268;11.2406
38271;11.2449
38272;11.2865
38273;11.3021
38274;11.3195
38275;11.454
38278;11.5068
38279;11.4507
38280;11.4548
38281;11.4722
38282;11.4424
38285;11.515
38286;11.5178
38287;11.5118
38288;11.5293
38289;11.539
38292;11.5331
38293;11.4997
38294;11.4248
38295;11.4118
38296;11.4031
38299;11.3953
38300;11.4465
38301;11.4299
38302;11.3997
38303;11.381
38306;11.3583
38307;11.3508
38308;11.3271
38309;11.3335
38310;11.3637
38313;11.3949
38314;11.3447
38315;11.2797
38316;11.2713
38317;11.247
38320;11.266
38321;11.2373
38322;11.1713
38323;11.1453
38324;11.1213
38327;11.1355
38328;11.1704
38329;11.2738
38330;11.291
38331;11.3343
38334;11.3045
38335;11.2903
38336;11.2028
38337;11.2316
38338;11.2403
38341;11.1555
38342;11.1873
38343;11.1814
38344;11.1363
38345;11.15
38348;11.1348
38349;11.2042
38350;11.2648
38351;11.2183
38352;11.1495
38355;11.2007
38356;11.3087
38357;11.3418
38358;11.4018
38359;11.3643
38362;11.2667
38363;11.2209
38364;11.1761
38365;11.1858
38366;11.2339
38369;11.2285
38370;11.2495
38371;11.2328
38372;11.2515
38373;11.2505
38376;11.2353
38377;11.289
38378;11.2632
38379;11.2991
38380;11.2613
38383;11.2141
38384;11.1714
38385;11.167
38386;11.1683
38387;11.1414
38390;11.1909
38391;11.2152
38392;11.1919
38393;11.1533
38394;11.1532
38397;11.1558
38398;11.1535
38399;11.1625
38400;11.1389
38401;11.0732
38404;11.068
38405;11.0487
38406;11.0807
38407;11.0955
38408;11.1086
38411;11.0965
38412;11.104
38413;11.1073
38414;11.0837
38415;11.0458
38418;11.0349
38419;10.979
38420;11.0181
38421;11.0324
38422;11.0223
38425;11.135
38426;11.2038
38427;11.2276
38428;11.2193
38429;11.1759
38433;11.1898
38434;11.2505
38439;11.3228
38440;11.2942
38441;11.2293
38442;11.1783
38443;11.1893
38446;11.2175
38447;11.2176
38448;11.2307
38449;11.1945
38450;11.1583
38453;11.0879
38454;11.1155
38455;11.0615
38456;11.1032
38457;11.1021
38460;11.129
38461;11.0776
38462;11.0614
38463;11.041
38464;11.0361
38467;11.0571
38468;11.0595
38469;11.1033
38470;11.1159
38471;11.0832
38474;11.0271
38475;11.0284
38476;10.982
38477;10.9487
38478;10.9433
38481;10.9693
38482;11.0082
38483;11.0323
38484;11.0189
38485;11.029
38488;11.0376
38489;10.9963
38490;10.9668
38491;10.9283
38492;10.9715
38495;10.9533
38496;10.9801
38497;10.9372
38498;10.9645
38499;10.903
38502;10.8699
38503;10.916
38504;10.8442
38505;10.8144
38506;10.8179
38509;10.8792
38510;10.8695
38511;10.8494
38512;10.8868
38513;10.8648
38516;10.868
38517;10.8392
38518;10.8332
38519;10.8007
38520;10.7913
38523;10.8342
38524;10.7982
38525;10.761
38526;10.7897
38527;10.7642
38530;10.8127
38531;10.8428
38532;10.7645
38533;10.7752
38534;10.7327
38537;10.7438
38538;10.7555
38539;10.7689
38540;10.7997
38541;10.7428
38544;10.7045
38545;10.6881
38546;10.6898
38547;10.6372
38548;10.6312
38551;10.5958
38552;10.6227
38553;10.6498
38554;10.5942
38555;10.6307
38558;10.6683
38559;10.7165
38560;10.643
38561;10.6201
38562;10.6057
38565;10.5994
38566;10.5968
38567;10.6138
38568;10.5831
38569;10.5921
38572;10.6018
38573;10.6383
38574;10.5874
38575;10.5815
38576;10.6343
38579;10.604
38580;10.5809
38581;10.6088
38582;10.6601
38583;10.7753
38586;10.7356
38587;10.7742
38588;10.8822
38589;10.8153
38590;10.8333
38593;10.8936
38594;10.8377
38595;10.7995
38596;10.7234
38597;10.684
38600;10.6689
38601;10.6868
38602;10.7015
38603;10.7126
38604;10.708
38607;10.6994
38608;10.7456
38609;10.8355
38610;10.807
38614;10.8558
38615;10.8232
38616;10.7798
38617;10.8341
38618;10.8475
38621;10.876
38622;10.886
38623;10.8495
38624;10.8131
38625;10.7907
38628;10.7683
38629;10.6857
38630;10.7115
38631;10.7687
38632;10.794
38635;10.7965
38636;10.8007
38637;10.8842
38638;10.9408
38639;10.9164
38642;10.8462
38643;10.8307
38644;10.8752
38645;10.8393
38646;10.8948
38649;10.856
38650;10.8417
38651;10.891
38652;10.9092
38653;10.8447
38656;10.7857
38657;10.7647
38658;10.7613
38659;10.7218
38660;10.7495
38663;10.7072
38664;10.7282
38665;10.7104
38666;10.714
38667;10.6833
38670;10.6897
38671;10.6505
38672;10.635
38673;10.676
38674;10.6543
38677;10.6425
38678;10.6678
38679;10.618
38680;10.6083
38681;10.607
38684;10.567
38685;10.5702
38686;10.5793
38687;10.5247
38688;10.4558
38691;10.4741
38692;10.4097
38693;10.44
38694;10.502
38695;10.624
38699;10.6368
38700;10.6931
38701;10.7378
38702;10.7567
38705;10.7283
38706;10.6997
38707;10.6457
38708;10.6532
38709;10.6845
38712;10.6932
38713;10.7362
38714;10.7777
38715;10.7109
38716;10.6344
38719;10.6253
38720;10.6455
38721;10.5815
38722;10.5907
38723;10.5726
38726;10.5446
38727;10.599
38728;10.6097
38729;10.5732
38730;10.5752
38733;10.559
38734;10.5372
38735;10.5778
38736;10.5589
38737;10.5078
38740;10.5208
38741;10.5063
38742;10.5004
38743;10.5039
38744;10.4598
38747;10.4416
38748;10.4433
38749;10.4303
38750;10.4805
38751;10.4981
38755;10.4758
38756;10.5277
38757;10.4803
38758;10.487
38761;10.5258
38762;10.5249
38763;10.517
38764;10.5175
38765;10.4528
38768;10.4401
38769;10.4388
38770;10.499
38771;10.4885
38772;10.4761
38775;10.4661
38776;10.456
38777;10.4673
38778;10.5113
38779;10.5759
38782;10.6118
38783;10.7003
38784;10.756
38785;10.7094
38786;10.7125
38789;10.7126
38790;10.6942
38791;10.6667
38792;10.6212
38793;10.6885
38796;10.7568
38798;10.8628
38799;10.8612
38800;10.8568
38803;10.9329
38804;10.9633
38805;10.951
38806;10.9228
38807;10.8935
38810;10.8717
38811;10.8548
38812;10.9467
38813;11.0557
38814;11.1443
38817;11.0956
38818;11.0708
38819;11.0477
38824;11.0842
38825;11.0011
38826;10.9773
38827;11.0302
38828;11.0667
38831;11.0656
38832;11.0842
38833;11.1578
38834;11.1135
38835;11.0903
38839;11.0323
38840;10.9608
38841;10.9694
38842;10.9587
38845;10.9381
38846;10.9258
38847;10.8425
38848;10.8381
38849;11.0325
38852;11.1532
38853;11.0518
38854;11.133
38855;11.2005
38856;11.1915
38859;11.2799
38860;11.1935
38861;11.2854
38862;11.2097
38863;11.1373
38866;11.1303
38867;11.2693
38868;11.2966
38869;11.2843
38870;11.297
38873;11.2854
38874;11.3667
38875;11.325
38876;11.419
38877;11.3777
38880;11.3827
38881;11.4327
38882;11.4527
38883;11.4113
38884;11.414
38887;11.4459
38888;11.4809
38889;11.4441
38890;11.4405
38891;11.4382
38894;11.409
38895;11.4302
38896;11.3973
38897;11.4009
38898;11.2723
38901;11.1302
38902;11.0642
38903;11.1901
38904;11.1061
38905;11.0243
38908;10.9547
38909;11.0095
38910;11.0303
38911;11.0523
38912;11.0275
38915;10.9914
38916;10.9618
38917;10.9045
38918;10.8708
38919;10.8954
38922;10.9303
38923;10.9148
38924;10.9337
38925;10.8968
38926;10.8947
38929;10.9181
38930;11.0203
38931;10.9537
38932;10.9802
38933;10.8908
38936;10.8838
38937;10.9113
38938;10.8386
38939;10.8808
38940;10.8147
38943;10.8028
38944;10.825
38945;10.75
38946;10.748
38947;10.8217
38950;10.8038
38951;10.804
38952;10.8428
38953;10.922
38954;10.9528
38957;10.9347
38958;10.9047
38959;10.865
38960;10.9037
38961;10.8952
38964;10.8476
38965;10.8438
38966;10.938
38967;11.0196
38968;11.0271
38971;11.0705
38972;11.0361
38973;11.0117
38974;10.9818
38975;10.9468
38978;10.9273
38979;10.9227
38980;10.9346
38981;10.9953
38982;11.0877
38985;11.105
38986;11.0418
38987;11.0152
38988;11.0502
38989;10.9935
38992;10.9733
38993;11.0404
38994;11.0533
38995;11.0185
38996;11.0624
38999;11.0842
39000;11.0597
39001;11.0248
39002;10.9406
39003;10.8765
39006;10.8364
39007;10.8703
39008;10.8257
39009;10.806
39010;10.8169
39013;10.8489
39014;10.8289
39015;10.7918
39016;10.7313
39017;10.7093
39020;10.774
39021;10.764
39022;10.7449
39024;10.7948
39027;10.8344
39028;10.82
39029;10.8598
39030;10.8632
39031;10.9158
39034;10.9263
39035;10.8675
39036;10.8595
39037;10.8527
39038;10.9524
39042;11.0021
39043;10.9756
39044;10.9682
39045;11.0242
39048;11.052
39049;11.0454
39050;10.9983
39051;10.9975
39055;10.9595
39056;10.894
39057;10.862
39058;10.8558
39059;10.8606
39062;10.8375
39064;10.8255
39065;10.7922
39066;10.774
39069;10.8002
39070;10.8492
39071;10.8075
39072;10.8411
39073;10.8597
39077;10.8747
39078;10.881
39079;10.8755
39080;10.8116
39084;10.7815
39085;10.7708
39086;10.865
39087;10.9355
39090;10.9705
39091;11.0091
39092;11.0333
39093;10.965
39094;10.9765
39097;10.9419
39098;10.986
39099;10.9234
39100;10.9232
39101;10.8824
39104;10.8918
39105;10.9645
39106;10.9486
39107;10.9753
39108;11.0402
39111;11.0855
39112;11.0548
39113;11.0382
39114;10.982
39115;10.9921
39119;10.9192
39120;10.937
39121;10.9683
39122;10.9601
39125;11.0227
39126;10.9915
39127;10.9152
39128;10.9522
39129;10.9958
39132;10.9778
39133;10.9755
39134;11.0023
39135;10.9683
39136;11.0397
39139;11.079
39140;11.1493
39141;11.1682
39142;11.1917
39143;11.1817
39146;11.1762
39147;11.1473
39148;11.1555
39149;11.1426
39150;11.1205
39153;11.1483
39154;11.1727
39155;11.1867
39156;11.1348
39157;11.1664
39161;11.112
39162;11.0796
39163;11.022
39164;11.0166
39167;11.0253
39168;11.047
39169;11.0813
39170;11.0507
39171;11.0322
39174;11.0336
39175;10.9797
39176;10.9976
39181;10.9705
39182;11.0126
39183;10.984
39184;11.0135
39185;10.9917
39188;10.9856
39189;10.9911
39190;10.992
39191;11.0048
39192;10.979
39195;10.9637
39196;11.0053
39197;10.9369
39198;10.9312
39199;10.9305
39202;10.9278
39204;10.9262
39205;10.902
39206;10.8852
39209;10.8558
39210;10.8513
39211;10.8269
39212;10.8178
39213;10.8148
39216;10.7987
39217;10.8032
39218;10.7905
39219;10.8033
39220;10.8223
39223;10.7963
39224;10.7598
39225;10.7688
39226;10.8354
39227;10.7803
39230;10.7788
39231;10.7873
39232;10.818
39233;10.7445
39234;10.7131
39237;10.7441
39238;10.7809
39239;10.845
39240;10.9043
39241;10.9702
39244;10.9307
39245;10.9331
39246;10.9538
39247;10.9012
39248;10.8148
39251;10.776
39252;10.7494
39253;10.7713
39254;10.8266
39255;10.808
39258;10.8189
39259;10.8398
39260;10.8661
39261;10.7926
39262;10.7946
39265;10.7697
39266;10.7698
39267;10.76
39268;10.7936
39269;10.7828
39272;10.7531
39273;10.7917
39274;10.8248
39275;10.7799
39276;10.7608
39279;10.7653
39280;10.7628
39281;10.752
39282;10.7207
39283;10.7843
39286;10.764
39287;10.7846
39288;10.8712
39289;10.9436
39290;10.9973
39293;10.9812
39294;10.9273
39295;10.9663
39296;10.9402
39297;10.9677
39300;10.9886
39301;10.9613
39302;10.9209
39303;10.9832
39304;11.0173
39307;10.9915
39308;11.0549
39309;11.1148
39310;11.2676
39311;11.1259
39314;11.1053
39315;11.1213
39316;11.0736
39317;11.0489
39318;11.0413
39321;11.0382
39322;11.092
39323;11.1062
39324;11.0848
39325;11.0378
39328;11.0169
39329;11.0265
39330;11.0848
39331;11.0658
39332;11.1227
39335;11.1407
39336;11.1057
39337;11.072
39338;11.0743
39339;11.111
39342;11.1471
39343;11.0959
39344;10.9871
39345;10.9687
39346;10.9517
39349;10.9391
39350;10.9438
39351;10.9243
39352;10.9203
39353;10.9315
39356;10.9224
39357;10.921
39358;10.8685
39359;10.8963
39360;10.8557
39363;10.8589
39364;10.8379
39365;10.8383
39366;10.8101
39367;10.8252
39370;10.8133
39371;10.8418
39372;10.8181
39373;10.8133
39374;10.7976
39377;10.8404
39378;10.824
39379;10.8348
39380;10.8291
39381;10.7523
39384;10.7112
39385;10.7198
39386;10.7023
39387;10.6639
39391;10.7308
39392;10.7046
39393;10.7435
39394;10.8108
39395;10.8808
39398;10.9378
39399;10.8941
39400;10.8685
39401;10.9145
39402;10.9353
39406;10.9687
39407;11.0037
39408;10.979
39409;10.9733
39412;10.981
39413;10.9695
39414;10.9345
39415;10.9417
39416;10.8968
39419;10.9124
39420;10.9059
39421;10.8592
39422;10.8367
39423;10.8128
39426;10.8185
39427;10.8025
39429;10.8376
39430;10.8249
39433;10.846
39434;10.8553
39435;10.8412
39436;10.8363
39437;10.8203
39440;10.8132
39442;10.8105
39443;10.8662
39444;10.9043
39447;10.9157
39449;10.8972
39450;10.8842
39451;10.9277
39454;10.9208
39455;10.885
39456;10.962
39457;10.9572
39458;10.9318
39461;10.914
39462;10.9203
39463;10.9458
39464;10.9445
39465;10.9235
39468;10.9813
39469;10.9232
39470;10.9522
39471;10.8934
39472;10.8698
39475;10.8784
39476;10.8444
39477;10.8374
39478;10.8262
39479;10.8138
39483;10.8289
39484;10.8227
39485;10.804
39486;10.7575
39489;10.7736
39490;10.7465
39491;10.7509
39492;10.7413
39493;10.7653
39496;10.735
39497;10.7489
39498;10.7939
39499;10.798
39500;10.7818
39503;10.7855
39504;10.743
39505;10.7344
39506;10.6813
39507;10.7243
39510;10.7046
39511;10.7098
39512;10.6978
39513;10.7649
39514;10.8383
39517;10.8478
39518;10.7965
39519;10.7735
39520;10.7778
39521;10.7613
39525;10.704
39526;10.6944
39531;10.6748
39532;10.6793
39533;10.6957
39534;10.6962
39535;10.6987
39538;10.6482
39539;10.5985
39540;10.5557
39541;10.5644
39542;10.559
39545;10.5395
39546;10.561
39547;10.5552
39548;10.5503
39549;10.5337
39552;10.4919
39553;10.4843
39554;10.4579
39555;10.4828
39556;10.461
39559;10.5223
39560;10.5181
39561;10.4868
39562;10.462
39563;10.4702
39566;10.4464
39567;10.5272
39568;10.5095
39570;10.4585
39573;10.4687
39574;10.4937
39575;10.539
39576;10.5465
39577;10.5666
39580;10.5058
39581;10.4835
39582;10.4884
39583;10.4769
39584;10.4266
39587;10.3792
39588;10.4002
39589;10.3644
39590;10.381
39591;10.4
39594;10.3848
39595;10.3925
39596;10.3447
39597;10.3066
39598;10.3306
39601;10.3417
39602;10.2992
39603;10.3211
39604;10.3108
39605;10.3582
39608;10.362
39609;10.3847
39610;10.4268
39611;10.395
39612;10.3655
39615;10.3399
39616;10.3153
39617;10.2935
39618;10.3156
39619;10.2753
39622;10.3032
39623;10.318
39624;10.2938
39625;10.2841
39626;10.3028
39629;10.3069
39630;10.3908
39631;10.3722
39632;10.3692
39633;10.3411
39636;10.3263
39637;10.3363
39638;10.2993
39639;10.3076
39640;10.312
39643;10.2925
39644;10.3229
39645;10.2608
39646;10.2311
39647;10.2047
39650;10.1708
39651;10.1178
39652;10.0552
39653;10.0264
39654;10.019
39657;10.0706
39658;10.061
39659;10.034
39660;10.0353
39661;9.9705
39664;9.9335
39665;9.918
39666;9.9485
39667;9.9877
39668;10.1305
39671;10.1295
39672;10.159
39673;10.1968
39674;10.1586
39675;10.1966
39678;10.1395
39679;10.1867
39680;10.1343
39681;10.1106
39682;10.0991
39685;10.1183
39686;10.173
39687;10.1421
39688;10.1822
39689;10.2847
39692;10.3423
39693;10.3781
39694;10.3852
39695;10.4658
39696;10.5143
39699;10.481
39700;10.5013
39701;10.5862
39702;10.6745
39703;10.5828
39706;10.7054
39708;10.8702
39709;10.8365
39710;10.6133
39713;10.5879
39714;10.7264
39715;10.7879
39716;10.7653
39717;10.7919
39720;10.9397
39721;10.9814
39722;10.9811
39723;11.1296
39724;11.1188
39727;11.7667
39728;12.1196
39729;13.0417
39730;12.4433
39731;13.0867
39734;12.3743
39735;12.345
39736;12.7192
39737;13.0633
39738;12.8475
39741;12.7617
39742;13.1233
39743;13.5592
39744;13.5025
39745;13.4
39748;13.3083
39749;13.3692
39750;12.9142
39751;12.8342
39752;12.7125
39755;12.7875
39756;12.4862
39757;12.6042
39758;12.95
39759;12.8392
39762;12.785
39763;12.9892
39764;13.0875
39765;13.1663
39766;13.0242
39770;13.195
39771;13.18
39772;13.5758
39773;13.9183
39776;13.4958
39777;13.3142
39778;13.2117
39779;13.2325
39780;13.3225
39783;13.58
39784;13.53
39785;13.5996
39786;13.5358
39787;13.7567
39790;13.4597
39791;13.4921
39792;13.4722
39793;13.1821
39797;13.3317
39798;13.2717
39799;13.1275
39800;13.215
39801;13.1197
39804;13.1742
39805;13.2175
39806;13.3114
39808;13.3538
39811;13.5383
39812;13.7738
39813;13.8325
39815;13.7678
39818;13.5507
39819;13.3458
39820;13.4136
39821;13.5045
39822;13.7008
39825;13.7608
39826;13.839
39827;14.1083
39828;14.2192
39829;13.9058
39832;13.9777
39833;13.9382
39834;13.9145
39835;13.9325
39836;14.095
39839;13.9342
39840;14.1675
39841;14.1513
39842;14.1975
39843;14.3097
39847;14.5404
39848;14.4667
39849;14.2945
39850;14.1778
39853;14.1392
39854;14.3575
39855;14.5313
39856;14.6013
39857;14.4326
39860;14.5288
39861;14.6118
39862;14.6725
39863;14.5505
39864;14.8163
39867;14.8528
39868;14.8327
39869;14.9275
39870;14.9322
39871;15.0698
39874;15.365
39875;15.3372
39876;15.2178
39877;15.2855
39878;15.2633
39881;15.3517
39882;15.3142
39883;15.1145
39884;14.9083
39885;14.569
39889;14.0502
39890;14.1457
39891;14.08
39892;14.148
39895;14.3204
39896;14.2683
39897;14.2358
39898;14.2163
39899;14.3317
39902;14.3855
39903;14.1517
39904;13.9108
39905;13.7924
39906;13.6137
39909;13.6325
39910;13.5712
39911;13.3648
39916;13.0914
39917;13.086
39918;13.1683
39919;13.0511
39920;13.1558
39923;13.32
39924;13.175
39925;13.1457
39926;13.3099
39927;13.2318
39930;13.755
39931;13.8667
39932;13.6485
39933;13.8443
39937;13.35
39938;13.2242
39939;13.2268
39940;13.1103
39941;13.1067
39944;13.1008
39945;13.2208
39946;13.3177
39947;13.2983
39948;13.2058
39951;13.1363
39952;12.968
39953;12.8695
39954;13.103
39955;13.1728
39958;13.1375
39959;13.1338
39960;13.159
39961;13.2337
39962;13.1667
39965;13.155
39966;13.2609
39967;13.3172
39968;13.2675
39969;13.2768
39972;13.45
39973;13.4793
39974;13.6507
39975;13.4581
39976;13.3997
39979;13.4523
39980;13.3525
39981;13.4698
39982;13.3694
39983;13.3248
39986;13.3782
39987;13.3187
39988;13.3051
39989;13.2778
39990;13.2023
39993;13.1812
39994;13.1722
39995;13.0972
39996;13.1695
39997;13.2428
40000;13.2547
40001;13.2724
40002;13.4333
40003;13.5758
40004;13.7052
40007;13.8105
40008;13.7645
40009;13.6526
40010;13.587
40011;13.3895
40014;13.3158
40015;13.2879
40016;13.2312
40017;13.1915
40018;13.2247
40021;13.2167
40022;13.2825
40023;13.2643
40024;13.2223
40025;13.2125
40028;13.1293
40029;13.1073
40030;13.105
40031;12.9926
40032;12.9349
40035;12.922
40036;12.9937
40037;12.997
40038;12.8658
40039;12.8766
40042;12.9963
40043;12.9555
40044;12.9159
40045;12.8733
40046;12.8227
40049;12.8274
40050;12.8975
40051;13.1378
40052;13.2462
40053;13.2579
40056;13.314
40057;13.5246
40058;13.6427
40059;13.5898
40060;13.4658
40063;13.3646
40064;13.2826
40065;13.3923
40066;13.4582
40067;13.3432
40070;13.3892
40071;13.3475
40073;13.23
40074;13.2413
40077;13.353
40078;13.3186
40079;13.3733
40080;13.4549
40081;13.5243
40084;13.5042
40085;13.5513
40086;13.4928
40087;13.6242
40088;13.6773
40091;13.655
40092;13.4943
40093;13.4673
40094;13.3227
40095;13.255
40098;13.2178
40099;13.1774
40100;13.0779
40101;13.0884
40102;13.1057
40105;13.084
40106;12.9407
40107;12.9196
40108;12.9495
40109;12.9798
40112;13.149
40113;13.2662
40114;13.2823
40115;13.0825
40116;13.1479
40120;13.2908
40121;13.2708
40122;13.343
40123;13.3758
40126;13.2996
40127;13.2308
40128;13.1622
40129;13.2061
40130;13.1012
40134;13.0875
40135;12.9818
40136;13.0502
40137;13.0895
40140;13.0151
40141;12.9305
40142;12.866
40143;12.9475
40144;12.9139
40147;12.9157
40148;12.8557
40149;12.8026
40150;12.6658
40151;12.5969
40154;12.6558
40155;12.8399
40156;12.9862
40157;12.9739
40158;12.9253
40161;12.8105
40162;12.7234
40163;12.698
40164;12.9331
40165;12.8979
40168;12.8121
40169;12.9449
40170;12.8896
40171;12.8793
40175;12.9288
40176;13.0587
40177;13.0437
40178;13.0659
40182;12.9226
40183;12.8241
40184;12.7489
40185;12.7646
40186;12.7243
40189;12.6692
40190;12.7291
40191;12.7698
40192;12.7364
40193;12.6884
40196;12.6664
40197;12.6478
40198;12.7388
40199;12.772
40200;12.9412
40203;12.9018
40204;12.8549
40205;12.9295
40206;12.9975
40207;13.0098
40211;12.8699
40212;12.9395
40213;13.0687
40214;13.1753
40217;13.164
40218;13.0836
40219;13.0601
40220;13.0609
40221;12.9764
40224;12.942
40225;12.8683
40226;12.8781
40227;12.8442
40228;12.8337
40231;12.8017
40232;12.8584
40233;12.8539
40234;12.8503
40235;12.7769
40238;12.7454
40239;12.7259
40240;12.69
40241;12.7182
40242;12.6557
40245;12.6618
40246;12.6574
40247;12.6028
40248;12.6192
40249;12.5527
40253;12.5254
40254;12.4892
40255;12.4729
40256;12.5796
40259;12.6052
40260;12.5284
40261;12.5381
40262;12.5009
40263;12.5426
40266;12.464
40267;12.4145
40268;12.3306
40273;12.2658
40274;12.2454
40275;12.2218
40276;12.2488
40277;12.1997
40280;12.1808
40281;12.2122
40282;12.1827
40283;12.1934
40284;12.2356
40287;12.3064
40288;12.2188
40289;12.1896
40290;12.2405
40291;12.1973
40294;12.1575
40295;12.2278
40296;12.3698
40297;12.2465
40298;12.2626
40301;12.2605
40302;12.4288
40303;12.6635
40304;12.7884
40305;12.9179
40308;12.5297
40309;12.5025
40310;12.4351
40311;12.3501
40312;12.5684
40315;12.6926
40316;12.5787
40317;12.9138
40318;13.1412
40319;13.0338
40322;12.9588
40323;13.1819
40324;12.9955
40325;12.8846
40326;12.8589
40329;12.9146
40330;12.9012
40331;12.8625
40332;12.7644
40333;12.8603
40336;12.9202
40337;12.9288
40338;12.8093
40339;12.7441
40340;12.6748
40343;12.5974
40344;12.6001
40345;12.5878
40346;12.5925
40347;12.54
40350;12.4604
40351;12.5246
40352;12.6984
40353;12.7141
40354;12.7042
40357;12.6567
40358;12.8394
40359;12.8441
40360;13.0325
40361;13.059
40364;13.0953
40365;12.9308
40366;12.8975
40367;12.8232
40368;12.7859
40371;12.8233
40372;12.714
40373;12.7176
40374;12.7795
40375;12.9013
40378;12.9162
40379;12.8549
40380;12.7798
40381;12.756
40382;12.7749
40385;12.6975
40386;12.6469
40387;12.6798
40388;12.7038
40389;12.6455
40392;12.5728
40393;12.6048
40394;12.5535
40395;12.5367
40396;12.655
40399;12.6461
40400;12.6927
40401;12.7432
40402;12.7258
40403;12.7256
40406;12.6458
40407;12.5944
40408;12.6073
40409;12.7226
40410;12.7683
40413;12.8492
40414;12.936
40415;13.0453
40416;12.984
40417;13.0148
40420;13.1367
40421;13.1676
40422;13.0538
40423;13.055
40424;12.9526
40427;12.9395
40428;13.0566
40429;13.0034
40430;12.9853
40431;12.9616
40434;12.8729
40435;12.8355
40436;12.7793
40441;12.7623
40442;12.7594
40443;12.6886
40444;12.6422
40445;12.5491
40448;12.5168
40449;12.5011
40450;12.4801
40451;12.5998
40452;12.5511
40455;12.5875
40456;12.5099
40457;12.4779
40458;12.5277
40459;12.4895
40462;12.4224
40463;12.432
40464;12.3683
40465;12.4101
40466;12.4276
40469;12.4135
40470;12.4818
40471;12.4117
40472;12.3613
40473;12.3877
40476;12.3205
40477;12.3859
40478;12.4776
40479;12.4023
40480;12.3387
40483;12.3452
40485;12.3041
40486;12.2381
40487;12.2055
40490;12.2483
40491;12.2068
40492;12.2714
40493;12.2596
40494;12.2626
40498;12.4353
40499;12.3783
40500;12.2924
40501;12.2996
40504;12.309
40505;12.4577
40506;12.3912
40507;12.3669
40508;12.489
40511;12.5538
40512;12.4664
40513;12.3967
40514;12.3546
40515;12.3597
40518;12.3884
40519;12.4123
40520;12.4484
40521;12.4586
40522;12.4617
40525;12.3869
40526;12.3703
40527;12.3963
40528;12.4505
40529;12.4345
40532;12.417
40533;12.372
40534;12.3379
40535;12.3332
40536;12.3459
40539;12.3653
40540;12.3567
40541;12.3571
40542;12.3817
40543;12.3496
40546;12.2574
40547;12.2619
40548;12.2064
40549;12.2256
40550;12.2369
40553;12.2542
40554;12.1907
40555;12.0757
40556;12.1028
40557;12.0871
40560;12.0299
40561;12.0261
40562;12.0744
40563;12.0903
40564;12.0482
40567;12.0516
40568;12.0856
40569;12.0408
40570;12.0239
40571;12.1214
40574;12.1519
40575;12.017
40576;12.019
40577;12.0499
40578;11.9946
40582;11.9937
40583;12.0432
40584;12.0937
40585;12.0635
40588;12.0461
40589;12.114
40590;12.0957
40591;12.0483
40592;12.0172
40595;12.0558
40596;12.0917
40597;12.19
40598;12.173
40599;12.1235
40602;12.1062
40603;12.0929
40604;12.0981
40605;12.0368
40606;12.0064
40609;12.017
40610;12.0254
40611;11.968
40612;11.9755
40613;11.9441
40616;11.9235
40617;12.0171
40618;12.071
40619;12.0925
40620;12.0615
40624;11.9885
40625;12.0004
40626;11.9555
40627;11.9505
40630;11.959
40631;11.9678
40632;11.9219
40633;11.9084
40634;11.8412
40637;11.8533
40638;11.8322
40639;11.7836
40640;11.7931
40641;11.7421
40644;11.7447
40645;11.8266
40646;11.7907
40647;11.7679
40648;11.709
40651;11.7783
40652;11.6925
40653;11.6252
40658;11.6294
40659;11.5824
40660;11.5868
40661;11.5428
40662;11.5278
40665;11.5023
40666;11.5665
40667;11.6214
40668;11.6934
40669;11.609
40672;11.641
40673;11.6009
40674;11.6075
40675;11.6656
40676;11.7219
40679;11.7094
40680;11.766
40681;11.7234
40682;11.6588
40683;11.6467
40686;11.7292
40687;11.7032
40688;11.6948
40689;11.6956
40690;11.6256
40693;11.6123
40694;11.578
40695;11.6277
40696;11.6739
40697;11.6689
40700;11.6983
40701;11.7196
40702;11.8001
40703;11.7965
40704;11.8686
40707;11.868
40708;11.7982
40709;11.8751
40710;11.9591
40711;11.9006
40714;11.8916
40715;11.813
40716;11.7789
40717;11.8816
40718;11.8822
40721;11.8938
40722;11.8389
40723;11.7748
40724;11.723
40725;11.6368
40728;11.5925
40729;11.6194
40730;11.6544
40731;11.5738
40732;11.6337
40735;11.7274
40736;11.7867
40737;11.717
40738;11.701
40739;11.7178
40742;11.7877
40743;11.6964
40744;11.6638
40745;11.6174
40746;11.6393
40749;11.6641
40750;11.6172
40751;11.6527
40752;11.6821
40753;11.7425
40756;11.7514
40757;11.7657
40758;11.8473
40759;11.9523
40760;11.9794
40763;12.1845
40764;12.371
40765;12.3221
40766;12.3899
40767;12.2992
40770;12.2424
40771;12.2631
40772;12.1651
40773;12.3685
40774;12.2386
40777;12.2948
40778;12.3357
40779;12.3952
40780;12.4259
40781;12.4953
40784;12.4148
40785;12.4838
40786;12.348
40787;12.2616
40788;12.3735
40791;12.5353
40792;12.5102
40793;12.4661
40794;12.4956
40795;12.6324
40798;12.7687
40799;12.8994
40800;12.9646
40801;12.9127
40805;13.186
40806;13.1669
40807;13.4045
40808;13.8917
40809;13.7788
40812;13.6677
40813;13.3414
40814;13.4217
40815;13.4567
40816;13.7994
40819;13.8967
40820;13.9714
40821;13.6675
40822;13.5341
40823;13.3143
40826;13.2751
40827;13.3266
40828;13.2213
40829;13.3647
40830;13.2711
40833;13.2952
40834;13.4445
40835;13.3733
40836;13.6628
40837;13.5996
40840;13.4889
40841;13.4459
40842;13.4914
40843;13.1973
40844;13.1132
40847;13.1802
40848;13.6282
40850;13.4128
40851;13.4698
40854;13.4504
40855;13.3852
40856;13.5252
40857;13.5622
40858;13.4165
40861;13.5122
40862;13.5672
40863;13.5847
40864;13.6375
40865;13.7033
40869;13.9812
40870;14.1291
40871;14.1778
40872;14.2443
40875;14.0344
40876;13.9538
40877;13.61
40878;13.5894
40879;13.5488
40882;13.4786
40883;13.497
40884;13.5118
40885;13.6569
40886;13.6406
40890;13.7714
40891;13.9412
40892;13.823
40893;13.845
40896;13.8542
40897;13.772
40898;13.8526
40899;13.8169
40900;13.8163
40903;13.8483
40904;13.9658
40905;13.9904
40906;13.9787
40907;13.9476
40910;13.9342
40911;13.6882
40912;13.7144
40913;13.7409
40914;13.7228
40917;13.7437
40918;13.6204
40919;13.6592
40920;13.5982
40921;13.6263
40924;13.5401
40925;13.4621
40926;13.3267
40927;13.2516
40928;13.224
40931;13.1383
40932;13.1712
40933;13.1319
40934;12.9325
40935;12.9504
40938;13.0063
40939;13.0077
40940;12.89
40941;12.8038
40942;12.712
40946;12.6472
40947;12.6833
40948;12.72
40949;12.7857
40952;12.7392
40953;12.7753
40954;12.7658
40955;12.8822
40956;12.7856
40959;12.6793
40960;12.7408
40961;12.8296
40962;12.8294
40963;12.8675
40966;12.8779
40967;12.8575
40968;12.7891
40969;12.7764
40970;12.7723
40973;12.8339
40974;12.9777
40975;12.9469
40976;12.784
40977;12.6299
40980;12.715
40981;12.6336
40982;12.6719
40983;12.6591
40984;12.6645
40988;12.6935
40989;12.6833
40990;12.833
40991;12.8035
40994;12.6795
40995;12.6706
40996;12.8039
40997;12.8489
40998;12.8093
41001;12.7691
41002;12.7317
41003;12.8155
41008;12.9902
41009;13.1568
41010;13.1324
41011;13.0736
41012;13.1458
41015;13.2168
41016;13.0816
41017;13.1322
41018;13.2288
41019;13.1171
41022;13.2087
41023;13.1392
41024;13.1667
41025;13.2093
41026;13.0141
41029;12.9942
41031;12.9629
41032;12.9725
41033;13.1344
41036;13.1659
41037;13.3374
41038;13.515
41039;13.447
41040;13.4929
41043;13.6739
41044;13.7302
41045;13.7747
41046;13.7994
41047;13.7809
41050;13.7935
41051;13.7203
41052;14.0335
41053;14.004
41054;14.0156
41057;13.9439
41058;13.9169
41059;14.0749
41060;14.3047
41061;14.3949
41064;14.2443
41065;14.2319
41066;14.1116
41067;13.9355
41068;14.0351
41071;13.9625
41072;14.006
41073;13.97
41074;13.9974
41075;13.9115
41078;13.9154
41079;13.7033
41080;13.7257
41081;13.7668
41082;13.849
41085;13.9542
41086;13.8616
41087;13.6652
41088;13.653
41089;13.4084
41092;13.397
41093;13.3174
41094;13.3617
41095;13.3508
41096;13.4925
41099;13.4533
41100;13.2924
41101;13.3241
41102;13.4795
41103;13.3449
41106;13.2832
41107;13.2226
41108;13.1201
41109;13.1921
41110;13.2928
41113;13.5218
41114;13.6796
41115;13.6541
41116;13.4425
41117;13.2837
41120;13.2644
41121;13.2833
41122;13.2867
41123;13.3927
41124;13.1357
41127;13.0708
41128;13.1849
41129;13.1891
41130;13.1188
41131;13.1094
41134;13.1474
41135;13.1311
41136;13.1639
41137;13.143
41138;13.1745
41141;13.1261
41142;13.0854
41143;13.1762
41144;13.1284
41145;13.176
41148;13.1703
41149;13.1847
41150;13.2746
41151;13.4172
41152;13.2571
41155;13.191
41156;13.1793
41157;13.1221
41158;13.0483
41159;12.9976
41162;12.9921
41163;12.9992
41164;13.0305
41165;12.9749
41166;12.7458
41169;12.7492
41170;12.8192
41171;12.8235
41172;12.9042
41173;12.8376
41176;12.9123
41177;12.8233
41178;12.917
41179;12.8521
41180;12.8695
41183;12.8178
41184;12.8375
41185;12.8528
41186;12.7589
41187;12.6987
41190;12.8426
41191;12.868
41192;12.9119
41193;12.8792
41194;12.8901
41197;12.8188
41198;12.8077
41199;12.7981
41200;12.8299
41201;12.8551
41204;12.8571
41205;12.9759
41206;12.9839
41207;12.9669
41208;13.0112
41211;13.09
41212;13.0498
41213;13.0911
41214;13.0387
41218;13.0449
41219;12.9769
41220;13.0432
41221;13.1168
41222;13.1789
41225;13.1975
41226;13.2284
41227;13.2353
41228;13.2522
41229;13.2063
41233;13.0245
41234;13.0395
41235;13.0188
41236;12.9799
41239;12.9984
41240;12.9861
41241;13.0372
41242;12.9617
41243;12.9268
41246;12.9335
41247;12.96
41248;12.9284
41249;12.9102
41250;12.8469
41253;12.7964
41254;12.7584
41256;12.7869
41257;12.7768
41260;12.7624
41261;12.7236
41262;12.7327
41263;12.7777
41264;12.8991
41267;12.9764
41269;13.0058
41270;13.0101
41271;12.988
41274;12.9658
41276;12.7488
41277;12.743
41278;12.7597
41281;12.7679
41282;12.8015
41283;12.7503
41284;12.6555
41285;12.6478
41288;12.6533
41289;12.6526
41290;12.6305
41291;12.5868
41292;12.6555
41295;12.7098
41296;12.6817
41297;12.6616
41298;12.6286
41299;12.6993
41302;12.7802
41303;12.7134
41304;12.7408
41305;12.7094
41306;12.6377
41310;12.6294
41311;12.6664
41312;12.7105
41313;12.7307
41316;12.7706
41317;12.7364
41318;12.7116
41319;12.6982
41320;12.6866
41323;12.6959
41324;12.6873
41325;12.6694
41326;12.7699
41327;12.7517
41330;12.7028
41331;12.868
41332;12.8322
41333;12.7795
41334;12.8012
41337;12.7814
41338;12.7355
41339;12.7345
41340;12.7839
41341;12.6684
41344;12.5308
41345;12.4641
41346;12.3967
41347;12.4545
41348;12.439
41352;12.4339
41353;12.3909
41354;12.3841
41355;12.3724
41358;12.3579
41359;12.3546
41360;12.3612
41365;12.3438
41366;12.2728
41367;12.3266
41368;12.3197
41369;12.2383
41372;12.1588
41373;12.1304
41374;12.114
41375;12.0691
41376;12.0824
41379;12.1729
41380;12.1668
41381;12.237
41382;12.2479
41383;12.2254
41386;12.3227
41387;12.2492
41388;12.2768
41389;12.1231
41390;12.155
41393;12.1326
41394;12.1456
41396;12.1756
41397;12.0851
41400;12.1074
41401;12.0733
41402;12.0393
41403;11.9807
41404;12.1094
41407;12.1448
41408;12.1485
41409;12.2313
41410;12.2378
41411;12.3177
41414;12.3258
41415;12.3414
41416;12.3113
41417;12.4764
41418;12.5219
41421;12.4831
41422;12.5275
41423;12.6328
41424;12.7781
41425;12.8035
41428;12.7882
41429;12.7317
41430;12.8167
41431;12.9079
41432;12.7173
41435;12.8572
41436;12.8846
41437;12.8442
41438;12.7812
41439;12.6916
41442;12.737
41443;12.88
41444;12.8695
41445;13.4015
41446;13.4041
41449;13.3966
41450;13.2424
41451;13.1884
41452;13.0235
41453;13.0279
41456;12.9131
41457;12.985
41458;13.0377
41459;12.8902
41460;13.0567
41463;12.9267
41464;12.8654
41465;12.9494
41466;12.8599
41467;12.8234
41470;12.7387
41471;12.6299
41472;12.5455
41473;12.4976
41474;12.5499
41477;12.5054
41478;12.5093
41479;12.633
41480;12.6468
41481;12.7091
41484;12.7321
41485;12.7635
41486;12.8464
41487;12.8068
41488;12.6904
41491;12.6759
41492;12.6445
41493;12.6989
41494;12.646
41495;12.5889
41498;12.5666
41499;12.7545
41500;12.7255
41501;12.8625
41502;12.8722
41505;13.0124
41506;13.0064
41507;13.1424
41508;13.1486
41509;12.9979
41512;13.109
41513;13.3366
41514;13.2539
41515;13.3104
41516;13.3415
41519;13.307
41520;13.4394
41521;13.3065
41522;13.4079
41523;13.2413
41526;13.1471
41527;13.1119
41528;13.0938
41529;13.0854
41530;13.054
41534;12.9241
41535;12.9687
41536;12.7179
41537;12.7685
41540;12.7846
41541;12.8754
41542;12.953
41543;13.0119
41544;13.145
41547;13.1747
41548;13.1294
41549;13.1593
41550;13.2663
41551;13.0976
41554;13.0959
41555;13.1417
41556;13.2126
41557;13.0913
41558;13.0514
41561;13.0492
41562;12.9725
41563;12.8816
41564;12.7717
41565;12.7988
41568;12.9314
41569;12.8713
41570;12.9433
41571;12.9916
41572;12.8693
41575;12.8948
41576;12.8903
41577;12.864
41578;13.0067
41579;13.0789
41582;12.9869
41583;13.1341
41584;13.1388
41585;13.1912
41586;13.2412
41589;13.2314
41590;13.1879
41591;13.103
41592;13.0173
41593;12.9524
41597;12.8869
41598;12.9697
41599;13.0617
41600;13.0223
41603;13.0267
41604;13.0745
41605;13.0925
41606;13.0836
41607;13.1101
41610;13.2041
41611;13.2372
41612;13.0826
41613;13.0057
41614;12.9299
41617;12.8612
41618;12.8574
41619;12.9342
41621;12.9515
41624;12.9439
41625;12.9575
41626;12.9937
41627;12.973
41628;12.9574
41631;12.961
41632;13.02
41634;13.0547
41635;13.0765
41638;13.0652
41639;13.0843
41641;13.1011
41642;13.0911
41645;13.0905
41646;13.0337
41647;13.0846
41648;13.1403
41649;13.0065
41652;12.9889
41653;13.0956
41654;13.1689
41655;13.2907
41656;13.2737
41659;13.242
41660;13.2984
41661;13.3194
41662;13.3722
41663;13.493
41666;13.4408
41667;13.3104
41668;13.3671
41669;13.3207
41670;13.3769
41674;13.3928
41675;13.3705
41676;13.2211
41677;13.3285
41680;13.3134
41681;13.2916
41682;13.3056
41683;13.332
41684;13.2477
41687;13.1949
41688;13.2261
41689;13.2714
41690;13.2913
41691;13.2704
41694;13.209
41695;13.2248
41696;13.2992
41697;13.3066
41698;13.2379
41701;13.3201
41702;13.2752
41703;13.2519
41704;13.1476
41705;13.1795
41708;13.2248
41709;13.243
41710;13.2659
41711;13.2456
41712;13.234
41716;13.1675
41717;13.1695
41718;13.2703
41719;13.22
41722;13.2019
41723;13.1349
41724;13.1273
41725;13.0837
41726;13.0841
41729;13.0549
41730;13.0313
41731;13.0991
41732;13.1324
41733;13.0345
41736;13.0179
41737;12.9642
41738;13.0604
41739;13.0453
41740;13.0788
41743;13.0493
41744;13.0986
41745;13.0603
41750;13.0413
41751;13.0448
41752;13.0908
41753;13.101
41754;13.1371
41757;13.1356
41758;13.1039
41759;13.0901
41761;12.9981
41764;13.0102
41765;13.0129
41766;12.9876
41767;12.9477
41768;12.9843
41771;12.9534
41772;12.9234
41773;12.8993
41774;12.9755
41775;12.9193
41778;12.8944
41779;12.9425
41780;12.9132
41781;12.8801
41782;12.8656
41785;12.8616
41786;12.8772
41787;12.866
41788;12.8462
41789;12.8609
41792;12.9108
41793;12.9447
41794;12.9527
41795;12.8868
41796;12.8981
41799;12.9912
41800;13.0486
41801;13.0306
41802;12.9815
41803;13.0164
41806;13.0323
41807;13.1007
41808;13.0672
41809;12.9885
41810;13.0124
41813;13.0056
41814;13.0218
41815;13.0174
41816;13.0323
41817;13.0002
41820;12.9712
41821;12.9605
41822;12.9673
41823;12.9829
41824;12.9768
41827;12.9949
41828;13.0006
41829;12.978
41830;13.0015
41831;12.985
41834;12.9755
41835;12.9611
41836;12.939
41837;12.9454
41838;12.9588
41841;12.9751
41842;12.9393
41843;12.9286
41844;12.9572
41845;12.9445
41848;12.9878
41849;13.0578
41850;13.1357
41851;13.2269
41852;13.1932
41855;13.1962
41856;13.2716
41857;13.258
41858;13.2551
41859;13.236
41862;13.1998
41863;13.159
41864;13.1113
41865;13.0717
41866;13.0748
41869;13.0505
41870;13.0532
41871;13.0814
41872;13.0963
41873;13.1328
41876;13.1383
41877;13.1059
41878;13.0811
41879;13.1109
41880;13.0763
41883;13.0833
41884;13.1299
41885;13.0892
41886;13.0959
41887;13.0788
41890;13.0813
41891;13.2162
41892;13.2144
41893;13.2144
41894;13.2644
41897;13.2223
41899;13.1762
41900;13.2402
41901;13.2369
41904;13.2566
41905;13.2768
41906;13.3015
41907;13.3848
41908;13.4541
41911;13.4891
41912;13.433
41913;13.4455
41914;13.4026
41915;13.4835
41918;13.4089
41919;13.4332
41920;13.4786
41921;13.3789
41922;13.4331
41925;13.4203
41926;13.4094
41927;13.5423
41928;13.5616
41929;13.5231
41932;13.5357
41933;13.4989
41934;13.5559
41935;13.5288
41936;13.5263
41939;13.5701
41940;13.4843
41941;13.4239
41942;13.4316
41943;13.4773
41946;13.5503
41947;13.5925
41948;13.607
41949;13.6173
41950;13.5573
41953;13.5528
41954;13.5874
41955;13.5613
41956;13.5995
41957;13.5348
41961;13.5445
41962;13.6146
41963;13.6115
41964;13.6152
41967;13.6374
41968;13.642
41969;13.7219
41970;13.7667
41971;13.8965
41974;13.9262
41975;14.076
41976;14.0918
41977;14.1165
41978;14.3045
41981;14.4042
41982;14.3674
41983;14.5181
41984;14.6648
41988;14.7853
41989;14.7499
41990;14.6028
41991;14.5562
41992;14.6378
41995;14.6359
41996;14.7008
41997;14.7429
41999;14.6955
42002;14.718
42003;14.7348
42004;14.7414
42006;14.829
42009;14.9469
42010;14.8479
42011;14.7936
42012;14.6274
42013;14.5804
42016;14.6398
42017;14.5559
42018;14.5644
42019;14.5821
42020;14.6223
42023;14.6524
42024;14.6484
42025;14.6983
42026;14.612
42027;14.6499
42030;14.5887
42031;14.5872
42032;14.6878
42033;14.8414
42034;14.9885
42038;14.7566
42039;14.8011
42040;14.7548
42041;14.9024
42044;14.8014
42045;14.9309
42046;15.1099
42047;14.9167
42048;14.8605
42051;14.8979
42052;14.8971
42053;14.9473
42054;14.9583
42055;15.0757
42058;15.0832
42059;14.9712
42060;14.9228
42061;14.9624
42062;14.9553
42065;14.9862
42066;14.9544
42067;15.0756
42068;15.1686
42069;15.4445
42072;15.4544
42073;15.5837
42074;15.4455
42075;15.4003
42076;15.4892
42080;15.4271
42081;15.4192
42082;15.296
42083;15.0317
42086;14.9644
42087;14.9347
42088;14.9524
42089;15.1056
42090;15.1542
42093;15.2427
42094;15.2647
42095;15.1206
42100;14.8003
42101;14.9039
42102;14.9072
42103;15.0554
42104;15.1706
42107;15.2947
42108;15.2339
42109;15.3891
42110;15.2455
42111;15.3128
42114;15.3973
42115;15.3837
42116;15.4518
42117;15.3539
42118;15.3834
42121;15.3213
42122;15.2225
42123;15.2043
42124;15.3714
42128;15.494
42129;15.3225
42130;15.2825
42131;15.3397
42132;15.1424
42135;15.2624
42136;15.3211
42137;15.2213
42138;15.1235
42139;15.0225
42142;15.12
42143;15.2008
42144;15.212
42145;15.2326
42146;15.2918
42149;15.2635
42150;15.3235
42151;15.3581
42152;15.3737
42153;15.3815
42156;15.4845
42157;15.4128
42158;15.4833
42159;15.5347
42160;15.6958
42163;15.6715
42164;15.5645
42165;15.4779
42166;15.4409
42167;15.4129
42170;15.4327
42171;15.4192
42172;15.4199
42173;15.2828
42174;15.3274
42177;15.3072
42178;15.4088
42179;15.4555
42180;15.4816
42181;15.5676
42184;15.6599
42185;15.6854
42186;15.7829
42187;15.6821
42188;15.6918
42191;15.753
42192;15.8281
42193;15.8174
42194;15.7856
42195;15.7329
42198;15.7404
42199;15.6728
42200;15.747
42201;15.8014
42202;15.9121
42205;15.9856
42206;15.9728
42207;16.095
42208;16.0988
42209;16.2364
42212;16.2681
42213;16.2638
42214;16.214
42215;16.4512
42216;16.0772
42219;16.1129
42220;16.1736
42221;16.3762
42222;16.3533
42223;16.1645
42226;16.1652
42227;16.3241
42228;16.2976
42229;16.3541
42230;16.3658
42233;16.3993
42234;16.4317
42235;16.4908
42236;16.7182
42237;16.9171
42240;17.0975
42241;16.9859
42242;17.1065
42243;16.8863
42244;16.7684
42247;16.7829
42248;16.8692
42249;16.9444
42250;16.7918
42251;16.8454
42254;16.988
42255;16.7979
42256;16.7773
42257;16.8103
42258;16.8261
42261;16.8168
42262;16.7716
42264;16.568
42265;16.539
42268;16.6865
42269;16.8713
42270;17.0453
42271;17.1149
42272;16.9595
42275;17.0073
42276;17.0771
42277;16.9053
42278;16.8566
42279;16.8162
42282;16.6941
42283;16.6878
42284;16.5762
42285;16.5464
42286;16.418
42289;16.4219
42290;16.5848
42291;16.5804
42292;16.425
42293;16.3959
42296;16.4899
42297;16.5618
42298;16.66
42299;16.5284
42300;16.5138
42303;16.4998
42304;16.5545
42305;16.4503
42306;16.6219
42307;16.5244
42311;16.4196
42312;16.5147
42313;16.5959
42314;16.8382
42317;16.87
42318;16.7658
42319;16.7173
42320;16.7406
42321;16.7395
42325;16.757
42326;16.7636
42327;16.5748
42328;16.512
42331;16.5306
42332;16.4705
42333;16.5548
42334;16.5492
42335;16.5784
42338;16.5856
42339;16.5104
42340;16.5933
42341;16.7095
42342;16.6757
42345;16.9044
42346;17.0164
42347;17.016
42348;17.075
42349;17.3592
42352;17.3776
42353;17.1529
42354;17.136
42355;17.1
42356;17.0139
42359;17.1034
42360;17.1847
42361;17.1953
42362;17.276
42366;17.271
42367;17.2065
42368;17.3398
42369;17.2487
42373;17.3529
42374;17.3456
42375;17.4411
42376;17.6568
42377;17.9283
42380;17.9304
42381;17.9119
42382;17.85
42383;17.9121
42384;18.2108
42387;18.2327
42388;18.1947
42389;18.608
42390;18.5084
42391;18.428
42394;18.5352
42395;18.4715
42396;18.453
42397;18.2906
42398;18.1935
42402;18.4902
42403;18.4537
42404;18.1891
42405;18.3748
42408;18.6959
42409;18.7818
42410;18.8089
42411;19.1754
42412;19.0392
